5.83643,-0.81356,-2.65259
5.83643,-0.81356,-2.17946
0.00000,0.00000,0.00000
5.83643,-0.81356,-2.65259
5.83643,-0.81356,-2.65259
5.83643,-0.81356,-2.65259
5.83643,-0.81356,-2.65259
5.83643,-0.81356,-2.65259
5.83643,-0.81356,-2.65259
5.83643,-0.81356,-2.65259
5.83643,-0.81356,-2.65259
5.83643,-0.81356,-2.65259
5.83643,-0.81356,-2.65259
5.83643,-0.81356,-2.65259
5.83643,-0.81356,-2.65259
5.83643,-0.81356,-2.65259
5.83643,-0.81356,-2.65259
5.83643,-0.81356,-2.65259
5.83643,-0.81356,-2.65259
5.83643,-0.81356,-2.65259
5.83643,-0.81356,-2.65259
5.83643,-0.81356,-2.65259
5.83643,-0.81356,-2.65259
5.83643,-0.81356,-2.65259
5.83643,-0.81356,-2.65259
5.83643,-0.81356,-2.65259
5.83643,-0.81356,-2.65259
5.83643,-0.81356,-2.65259
5.83643,-0.81356,-2.65259
5.83643,-0.81356,-2.65259
5.83643,-0.81356,-2.65259
5.83643,-0.81356,-2.65259
5.83643,-0.81356,-2.65259
5.83643,-0.81356,-2.65259
5.83643,-0.81356,-2.65259
5.83643,-0.81356,-2.65259
5.83643,-0.81356,-2.65259
5.83643,-0.81356,-2.65259
5.83643,-0.81356,-2.65259
5.83643,-0.81356,-2.65259
5.83643,-0.81356,-2.65259
5.83643,-0.81356,-2.65259
5.83643,-0.81356,-2.65259
5.83643,-0.81356,-2.65259
5.83643,-0.81356,-2.65259
5.83643,-0.81356,-2.65259
5.83643,-0.81356,-2.65259
5.83643,-0.81356,-2.65259
5.83643,-0.81356,-2.65259
5.83643,-0.81356,-2.65259
5.83643,-0.81356,-2.65259
5.83643,-0.81356,-2.65259
5.83643,-0.81356,-2.65259
5.83643,-0.81356,-2.65259
5.83643,-0.81356,-2.65259
5.83643,-0.81356,-2.65259
5.83643,-0.81356,-2.65259
5.83643,-0.81356,-2.65259
5.83643,-0.81356,-2.65259
5.83643,-0.81356,-2.65259
5.83643,-0.81356,-2.65259
5.83643,-0.81356,-2.65259
5.83643,-0.81356,-2.65259
5.83643,-0.81356,-2.65259
5.83643,-0.81356,-2.65259
5.83643,-0.81356,-2.65259
5.83643,-0.81356,-2.65259
5.83643,-0.81356,-2.65259
5.83643,-0.81356,-2.65259
5.83643,-0.81356,-2.65259
5.83643,-0.81356,-2.65259
5.83643,-0.81356,-2.65259
5.83643,-0.81356,-2.65259
5.83643,-0.81356,-2.65259
5.83643,-0.81356,-2.65259
5.83643,-0.81356,-2.65259
5.83643,-0.81356,-2.65259
5.83643,-0.81356,-2.65259
5.83643,-0.81356,-2.65259
5.83643,-0.81356,-2.65259
5.83643,-0.81356,-2.65259
5.83643,-0.81356,-2.65259
5.83643,-0.81356,-2.65259
5.83643,-0.81356,-2.65259
5.83643,-0.81356,-2.65259
5.83643,-0.81356,-2.65259
5.83643,-0.81356,-2.65259
5.83643,-0.81356,-2.65259
5.83643,-0.81356,-2.65259
5.83643,-0.81356,-2.65259
5.83643,-0.81356,-2.65259
5.83643,-0.81356,-2.65259
5.83643,-0.81356,-2.65259
5.83643,-0.81356,-2.65259
5.83643,-0.81356,-2.65259
5.83643,-0.81356,-2.65259
5.83643,-0.81356,-2.65259
5.83643,-0.81356,-2.65259
5.83643,-0.81356,-2.65259
5.83643,-0.81356,-2.65259
5.83643,-0.81356,-2.65259
5.83643,-0.81356,-2.65259
5.83643,-0.81356,-2.65259
5.83643,-0.81356,-2.65259
5.83643,-0.81356,-2.65259
5.83643,-0.81356,-2.65259
5.83643,-0.81356,-2.65259
5.83643,-0.81356,-2.65259
5.83643,-0.81356,-2.65259
5.83643,-0.81356,-2.65259
5.83643,-0.81356,-2.65259
5.83643,-0.81356,-2.65259
5.83643,-0.81356,-2.65259
5.83643,-0.81356,-2.65259
5.83643,-0.81356,-2.65259
5.83643,-0.81356,-2.65259
5.83643,-0.81356,-2.65259
5.83643,-0.81356,-2.65259
5.83643,-0.81356,-2.65259
5.83643,-0.81356,-2.65259
5.83643,-0.81356,-2.65259
5.83643,-0.81356,-2.65259
5.83643,-0.81356,-2.65259
5.83643,-0.81356,-2.65259
5.83643,-0.81356,-2.65259
5.83643,-0.81356,-2.65259
5.83643,-0.81356,-2.65259
5.83643,-0.81356,-2.65259
5.83643,-0.81356,-2.65259
5.83643,-0.81356,-2.65259
5.83643,-0.81356,-2.65259
5.83643,-0.81356,-2.65259
5.83643,-0.81356,-2.65259
5.83643,-0.81356,-2.65259
5.83643,-0.81356,-2.65259
5.83643,-0.81356,-2.65259
5.83643,-0.81356,-2.65259
5.83643,-0.81356,-2.65259
5.83643,-0.81356,-2.65259
5.83643,-0.81356,-2.65259
5.83643,-0.81356,-2.65259
5.83643,-0.81356,-2.65259
5.83643,-0.81356,-2.65259
5.83643,-0.81356,-2.65259
5.83643,-0.81356,-2.65259
5.83643,-0.81356,-2.65259
5.83643,-0.81356,-2.65259
5.83643,-0.81356,-2.65259
5.83643,-0.81356,-2.65259
5.83643,-0.81356,-2.65259
5.83643,-0.81356,-2.65259
5.83643,-0.81356,-2.65259
5.83643,-0.81356,-2.65259
5.83643,-0.81356,-2.65259
5.83643,-0.81356,-2.65259
5.83643,-0.81356,-2.65259
5.83643,-0.81356,-2.65259
5.83643,-0.81356,-2.65259
5.83643,-0.81356,-2.65259
5.83643,-0.81356,-2.65259
5.83643,-0.81356,-2.65259
5.83643,-0.81356,-2.65259
5.83643,-0.81356,-2.65259
5.83643,-0.81356,-2.65259
5.83643,-0.81356,-2.65259
5.83643,-0.81356,-2.65259
5.83643,-0.81356,-2.65259
5.83643,-0.81356,-2.65259
5.83643,-0.81356,-2.65259
5.83643,-0.81356,-2.65259
5.83643,-0.81356,-2.65259
5.83643,-0.81356,-2.65259
5.83643,-0.81356,-2.65259
5.83643,-0.81356,-2.65259
5.83643,-0.81356,-2.65259
5.83643,-0.81356,-2.65259
5.83643,-0.81356,-2.65259
5.83643,-0.81356,-2.65259
5.83643,-0.81356,-2.65259
5.83643,-0.81356,-2.65259
5.83643,-0.81356,-2.65259
5.83643,-0.81356,-2.65259
5.83643,-0.81356,-2.65259
5.83643,-0.81356,-2.65259
5.83643,-0.81356,-2.65259
5.83643,-0.81356,-2.65259
5.83643,-0.81356,-2.65259
5.83643,-0.81356,-2.65259
5.83643,-0.81356,-2.65259
5.83643,-0.81356,-2.65259
5.83643,-0.81356,-2.65259
5.83643,-0.81356,-2.65259
5.83643,-0.81356,-2.65259
5.83643,-0.81356,-2.65259
5.83643,-0.81356,-2.65259
5.83643,-0.81356,-2.65259
5.83643,-0.81356,-2.65259
5.83643,-0.81356,-2.65259
5.83643,-0.81356,-2.65259
5.83643,-0.81356,-2.65259
5.83643,-0.81356,-2.65259
5.83643,-0.81356,-2.65259
5.83643,-0.81356,-2.65259
5.83643,-0.81356,-2.65259
5.83643,-0.81356,-2.65259
5.83643,-0.81356,-2.65259
5.83643,-0.81356,-2.65259
5.83643,-0.81356,-2.65259
5.83643,-0.81356,-2.65259
5.83643,-0.81356,-2.65259
5.83643,-0.81356,-2.65259
5.83643,-0.81356,-2.65259
5.83643,-0.81356,-2.65259
5.83643,-0.81356,-2.65259
5.83643,-0.81356,-2.65259
5.83643,-0.81356,-2.65259
5.83643,-0.81356,-2.65259
5.83643,-0.81356,-2.65259
5.83643,-0.81356,-2.65259
5.83643,-0.81356,-2.65259
5.83643,-0.81356,-2.65259
5.83643,-0.81356,-2.65259
5.83643,-0.81356,-2.65259
5.83643,-0.81356,-2.65259
5.83643,-0.81356,-2.65259
5.83643,-0.81356,-2.65259
5.83643,-0.81356,-2.65259
5.83643,-0.81356,-2.65259
5.83643,-0.81356,-2.65259
5.83643,-0.81356,-2.65259
5.83643,-0.81356,-2.65259
5.83643,-0.81356,-2.65259
5.83643,-0.81356,-2.65259
5.83643,-0.81356,-2.65259
5.83643,-0.81356,-2.65259
5.83643,-0.81356,-2.65259
5.83643,-0.81356,-2.65259
5.83643,-0.81356,-2.65259
5.83643,-0.81356,-2.65259
5.83643,-0.81356,-2.65259
5.83643,-0.81356,-2.65259
5.83643,-0.81356,-2.65259
5.83643,-0.81356,-2.65259
5.83643,-0.81356,-2.65259
5.83643,-0.81356,-2.65259
5.83643,-0.81356,-2.65259
5.83643,-0.81356,-2.65259
5.83643,-0.81356,-2.65259
5.83643,-0.81356,-2.65259
5.83643,-0.81356,-2.65259
5.83643,-0.81356,-2.65259
5.83643,-0.81356,-2.65259
5.83643,-0.81356,-2.65259
5.83643,-0.81356,-2.65259
5.83643,-0.81356,-2.65259
5.83643,-0.81356,-2.65259
5.83643,-0.81356,-2.65259
5.83643,-0.81356,-2.65259
5.83643,-0.81356,-2.65259
5.83643,-0.81356,-2.65259
5.83643,-0.81356,-2.65259
5.83643,-0.81356,-2.65259
5.83643,-0.81356,-2.65259
5.83643,-0.81356,-2.65259
5.83643,-0.81356,-2.65259
5.83643,-0.81356,-2.65259
5.83643,-0.81356,-2.65259
5.83643,-0.81356,-2.65259
5.83643,-0.81356,-2.65259
5.83643,-0.81356,-2.65259
5.83643,-0.81356,-2.65259
5.83643,-0.81356,-2.65259
5.83643,-0.81356,-2.65259
5.83643,-0.81356,-2.65259
5.83643,-0.81356,-2.65259
5.83643,-0.81356,-2.65259
5.83643,-0.81356,-2.65259
5.83643,-0.81356,-2.65259
5.83643,-0.81356,-2.65259
5.83643,-0.81356,-2.65259
5.83643,-0.81356,-2.65259
5.83643,-0.81356,-2.65259
5.83643,-0.81356,-2.65259
5.83643,-0.81356,-2.65259
5.83643,-0.81356,-2.65259
5.83643,-0.81356,-2.65259
5.83643,-0.81356,-2.65259
5.83643,-0.81356,-2.65259
5.83643,-0.81356,-2.65259
5.83643,-0.81356,-2.65259
5.83643,-0.81356,-2.65259
5.83643,-0.81356,-2.65259
5.83643,-0.81356,-2.65259
5.83643,-0.81356,-2.65259
5.83643,-0.81356,-2.65259
5.83643,-0.81356,-2.65259
5.83643,-0.81356,-2.65259
5.83643,-0.81356,-2.65259
5.83643,-0.81356,-2.65259
5.83643,-0.81356,-2.65259
5.83643,-0.81356,-2.65259
5.83643,-0.81356,-2.65259
5.83643,-0.81356,-2.65259
5.83643,-0.81356,-2.65259
5.83643,-0.81356,-2.65259
5.83643,-0.81356,-2.65259
5.83643,-0.81356,-2.65259
5.83643,-0.81356,-2.65259
5.83643,-0.81356,-2.65259
5.83643,-0.81356,-2.65259
5.83643,-0.81356,-2.65259
5.83643,-0.81356,-2.65259
5.83643,-0.81356,-2.65259
5.83643,-0.81356,-2.65259
5.83643,-0.81356,-2.65259
5.83643,-0.81356,-2.65259
5.83643,-0.81356,-2.65259
5.83643,-0.81356,-2.65259
5.83643,-0.81356,-2.65259
5.83643,-0.81356,-2.65259
5.83643,-0.81356,-2.65259
5.83643,-0.81356,-2.65259
5.83643,-0.81356,-2.65259
5.83643,-0.81356,-2.65259
5.83643,-0.81356,-2.65259
5.83643,-0.81356,-2.65259
5.83643,-0.81356,-2.65259
5.83643,-0.81356,-2.65259
5.83643,-0.81356,-2.65259
5.83643,-0.81356,-2.65259
5.83643,-0.81356,-2.65259
5.83643,-0.81356,-2.65259
5.83643,-0.81356,-2.65259
5.83643,-0.81356,-2.65259
5.83643,-0.81356,-2.65259
5.83643,-0.81356,-2.65259
5.83643,-0.81356,-2.65259
5.83643,-0.81356,-2.65259
5.83643,-0.81356,-2.65259
5.83643,-0.81356,-2.65259
5.83643,-0.81356,-2.65259
5.83643,-0.81356,-2.65259
5.83643,-0.81356,-2.65259
5.83643,-0.81356,-2.65259
5.83643,-0.81356,-2.65259
5.83643,-0.81356,-2.65259
5.83643,-0.81356,-2.65259
5.83643,-0.81356,-2.65259
5.83643,-0.81356,-2.65259
5.83643,-0.81356,-2.65259
5.83643,-0.81356,-2.65259
5.83643,-0.81356,-2.65259
5.83643,-0.81356,-2.65259
5.83643,-0.81356,-2.65259
5.83643,-0.81356,-2.65259
5.83643,-0.81356,-2.65259
5.83643,-0.81356,-2.65259
5.83643,-0.81356,-2.65259
5.83643,-0.81356,-2.65259
5.83643,-0.81356,-2.65259
5.83643,-0.81356,-2.65259
5.83643,-0.81356,-2.65259
5.83643,-0.81356,-2.65259
5.83643,-0.81356,-2.65259
5.83643,-0.81356,-2.65259
5.83643,-0.81356,-2.65259
5.83643,-0.81356,-2.65259
5.83643,-0.81356,-2.65259
5.83643,-0.81356,-2.65259
5.83643,-0.81356,-2.65259
5.83643,-0.81356,-2.65259
5.83643,-0.81356,-2.65259
5.83643,-0.81356,-2.65259
5.83643,-0.81356,-2.65259
5.83643,-0.81356,-2.65259
5.83643,-0.81356,-2.65259
5.83643,-0.81356,-2.65259
5.83643,-0.81356,-2.65259
5.83643,-0.81356,-2.65259
5.83643,-0.81356,-2.65259
5.83643,-0.81356,-2.65259
5.83643,-0.81356,-2.65259
5.83643,-0.81356,-2.65259
5.83643,-0.81356,-2.65259
5.83643,-0.81356,-2.65259
5.83643,-0.81356,-2.65259
5.83643,-0.81356,-2.65259
5.83643,-0.81356,-2.65259
5.83643,-0.81356,-2.65259
5.83643,-0.81356,-2.65259
5.83643,-0.81356,-2.65259
5.83643,-0.81356,-2.65259
5.83643,-0.81356,-2.65259
5.83643,-0.81356,-2.65259
5.83643,-0.81356,-2.65259
5.83643,-0.81356,-2.65259
5.83643,-0.81356,-2.65259
5.83643,-0.81356,-2.65259
5.83643,-0.81356,-2.65259
5.83643,-0.81356,-2.65259
5.83643,-0.81356,-2.65259
5.83643,-0.81356,-2.65259
5.83643,-0.81356,-2.65259
5.83643,-0.81356,-2.65259
5.83643,-0.81356,-2.65259
5.83643,-0.81356,-2.65259
5.83643,-0.81356,-2.65259
5.83643,-0.81356,-2.65259
5.83643,-0.81356,-2.65259
5.83643,-0.81356,-2.65259
5.83643,-0.81356,-2.65259
5.83643,-0.81356,-2.65259
5.83643,-0.81356,-2.65259
5.83643,-0.81356,-2.65259
5.83643,-0.81356,-2.65259
5.83643,-0.81356,-2.65259
5.83643,-0.81356,-2.65259
5.83643,-0.81356,-2.65259
5.83643,-0.81356,-2.65259
5.83643,-0.81356,-2.65259
5.83643,-0.81356,-2.65259
5.83643,-0.81356,-2.65259
5.83643,-0.81356,-2.65259
5.83643,-0.81356,-2.65259
5.83643,-0.81356,-2.65259
5.83643,-0.81356,-2.65259
5.83643,-0.81356,-2.65259
5.83643,-0.81356,-2.65259
5.83643,-0.81356,-2.65259
5.83643,-0.81356,-2.65259
5.83643,-0.81356,-2.65259
5.83643,-0.81356,-2.65259
5.83643,-0.81356,-2.65259
5.83643,-0.81356,-2.65259
5.83643,-0.81356,-2.65259
5.83643,-0.81356,-2.65259
5.83643,-0.81356,-2.65259
5.83643,-0.81356,-2.65259
5.83643,-0.81356,-2.65259
5.83643,-0.81356,-2.65259
5.83643,-0.81356,-2.65259
5.83643,-0.81356,-2.65259
5.83643,-0.81356,-2.65259
5.83643,-0.81356,-2.65259
5.83643,-0.81356,-2.65259
5.83643,-0.81356,-2.65259
5.83643,-0.81356,-2.65259
5.83643,-0.81356,-2.65259
5.83643,-0.81356,-2.65259
5.83643,-0.81356,-2.65259
5.83643,-0.81356,-2.65259
5.83643,-0.81356,-2.65259
5.83643,-0.81356,-2.65259
5.83643,-0.81356,-2.65259
5.83643,-0.81356,-2.65259
5.83643,-0.81356,-2.65259
5.83643,-0.81356,-2.65259
5.83643,-0.81356,-2.65259
5.83643,-0.81356,-2.65259
5.83643,-0.81356,-2.65259
5.83643,-0.81356,-2.65259
5.83643,-0.81356,-2.65259
5.83643,-0.81356,-2.65259
5.83643,-0.81356,-2.65259
5.83643,-0.81356,-2.65259
5.83643,-0.81356,-2.65259
5.83643,-0.81356,-2.65259
5.83643,-0.81356,-2.65259
5.83643,-0.81356,-2.65259
5.83643,-0.81356,-2.65259
5.83643,-0.81356,-2.65259
5.83643,-0.81356,-2.65259
5.83643,-0.81356,-2.65259
5.83643,-0.81356,-2.65259
5.83643,-0.81356,-2.65259
5.83643,-0.81356,-2.65259
5.83643,-0.81356,-2.65259
5.83643,-0.81356,-2.65259
5.83643,-0.81356,-2.65259
5.83643,-0.81356,-2.65259
5.83643,-0.81356,-2.65259
5.83643,-0.81356,-2.65259
5.83643,-0.81356,-2.65259
5.83643,-0.81356,-2.65259
5.83643,-0.81356,-2.65259
5.83643,-0.81356,-2.65259
5.83643,-0.81356,-2.65259
5.83643,-0.81356,-2.65259
5.83643,-0.81356,-2.65259
5.83643,-0.81356,-2.65259
5.83643,-0.81356,-2.65259
5.83643,-0.81356,-2.65259
5.83643,-0.81356,-2.65259
5.83643,-0.81356,-2.65259
5.83643,-0.81356,-2.65259
5.83643,-0.81356,-2.65259
5.83643,-0.81356,-2.65259
5.83643,-0.81356,-2.65259
5.83643,-0.81356,-2.65259
5.83643,-0.81356,-2.65259
5.83643,-0.81356,-2.65259
5.83643,-0.81356,-2.65259
5.83643,-0.81356,-2.65259
5.83643,-0.81356,-2.65259
5.83643,-0.81356,-2.65259
5.83643,-0.81356,-2.65259
5.83643,-0.81356,-2.65259
5.83643,-0.81356,-2.65259
5.83643,-0.81356,-2.65259
5.83643,-0.81356,-2.65259
5.83643,-0.81356,-2.65259
5.83643,-0.81356,-2.65259
5.83643,-0.81356,-2.65259
5.83643,-0.81356,-2.65259
5.83643,-0.81356,-2.65259
5.83643,-0.81356,-2.65259
5.83643,-0.81356,-2.65259
5.83643,-0.81356,-2.65259
5.83643,-0.81356,-2.65259
5.83643,-0.81356,-2.65259
5.83643,-0.81356,-2.65259
5.83643,-0.81356,-2.65259
5.83643,-0.81356,-2.65259
5.83643,-0.81356,-2.65259
5.83643,-0.81356,-2.65259
5.83643,-0.81356,-2.65259
5.83643,-0.81356,-2.65259
5.83643,-0.81356,-2.65259
5.83643,-0.81356,-2.65259
5.83643,-0.81356,-2.65259
5.83643,-0.81356,-2.65259
5.83643,-0.81356,-2.65259
5.83643,-0.81356,-2.65259
5.83643,-0.81356,-2.65259
5.83643,-0.81356,-2.65259
5.83643,-0.81356,-2.65259
5.83643,-0.81356,-2.65259
5.83643,-0.81356,-2.65259
5.83643,-0.81356,-2.65259
5.83643,-0.81356,-2.65259
5.83643,-0.81356,-2.65259
5.83643,-0.81356,-2.65259
5.83643,-0.81356,-2.65259
5.83643,-0.81356,-2.65259
5.83643,-0.81356,-2.65259
5.83643,-0.81356,-2.65259
5.83643,-0.81356,-2.65259
5.83643,-0.81356,-2.65259
5.83643,-0.81356,-2.65259
5.83643,-0.81356,-2.65259
5.83643,-0.81356,-2.65259
5.83643,-0.81356,-2.65259
5.83643,-0.81356,-2.65259
5.83643,-0.81356,-2.65259
5.83643,-0.81356,-2.65259
5.83643,-0.81356,-2.65259
5.83643,-0.81356,-2.65259
5.83643,-0.81356,-2.65259
5.83643,-0.81356,-2.65259
5.83643,-0.81356,-2.65259
5.83643,-0.81356,-2.65259
5.83643,-0.81356,-2.65259
5.83643,-0.81356,-2.65259
5.83643,-0.81356,-2.65259
5.83643,-0.81356,-2.65259
5.83643,-0.81356,-2.65259
5.83643,-0.81356,-2.65259
5.83643,-0.81356,-2.65259
5.83643,-0.81356,-2.65259
5.83643,-0.81356,-2.65259
5.83643,-0.81356,-2.65259
5.83643,-0.81356,-2.65259
5.83643,-0.81356,-2.65259
5.83643,-0.81356,-2.65259
5.83643,-0.81356,-2.65259
5.83643,-0.81356,-2.65259
5.83643,-0.81356,-2.65259
5.83643,-0.81356,-2.65259
5.83643,-0.81356,-2.65259
5.83643,-0.81356,-2.65259
5.83643,-0.81356,-2.65259
5.83643,-0.81356,-2.65259
5.83643,-0.81356,-2.65259
5.83643,-0.81356,-2.65259
5.83643,-0.81356,-2.65259
5.83643,-0.81356,-2.65259
5.83643,-0.81356,-2.65259
5.83643,-0.81356,-2.65259
5.83643,-0.81356,-2.65259
5.83643,-0.81356,-2.65259
5.83643,-0.81356,-2.65259
5.83643,-0.81356,-2.65259
5.83643,-0.81356,-2.65259
5.83643,-0.81356,-2.65259
5.83643,-0.81356,-2.65259
5.83643,-0.81356,-2.65259
5.83643,-0.81356,-2.65259
5.83643,-0.81356,-2.65259
5.83643,-0.81356,-2.65259
5.83643,-0.81356,-2.65259
5.83643,-0.81356,-2.65259
5.83643,-0.81356,-2.65259
5.83643,-0.81356,-2.65259
5.83643,-0.81356,-2.65259
5.83643,-0.81356,-2.65259
5.83643,-0.81356,-2.65259
5.83643,-0.81356,-2.65259
5.83643,-0.81356,-2.65259
5.83643,-0.81356,-2.65259
5.83643,-0.81356,-2.65259
5.83643,-0.81356,-2.65259
5.83643,-0.81356,-2.65259
5.83643,-0.81356,-2.65259
5.83643,-0.81356,-2.65259
5.83643,-0.81356,-2.65259
5.83643,-0.81356,-2.65259
5.83643,-0.81356,-2.65259
5.83643,-0.81356,-2.65259
5.83643,-0.81356,-2.65259
5.83643,-0.81356,-2.65259
5.83643,-0.81356,-2.65259
5.83643,-0.81356,-2.65259
5.83643,-0.81356,-2.65259
5.83643,-0.81356,-2.65259
5.83643,-0.81356,-2.65259
5.83643,-0.81356,-2.65259
5.83643,-0.81356,-2.65259
5.83643,-0.81356,-2.65259
5.83643,-0.81356,-2.65259
5.83643,-0.81356,-2.65259
5.83643,-0.81356,-2.65259
5.83643,-0.81356,-2.65259
5.83643,-0.81356,-2.65259
5.83643,-0.81356,-2.65259
5.83643,-0.81356,-2.65259
5.83643,-0.81356,-2.65259
5.83643,-0.81356,-2.65259
5.83643,-0.81356,-2.65259
5.83643,-0.81356,-2.65259
5.83643,-0.81356,-2.65259
5.83643,-0.81356,-2.65259
5.83643,-0.81356,-2.65259
5.83643,-0.81356,-2.65259
5.83643,-0.81356,-2.65259
5.83643,-0.81356,-2.65259
5.83643,-0.81356,-2.65259
5.83643,-0.81356,-2.65259
5.83643,-0.81356,-2.65259
5.83643,-0.81356,-2.65259
5.83643,-0.81356,-2.65259
5.83643,-0.81356,-2.65259
5.83643,-0.81356,-2.65259
5.83643,-0.81356,-2.65259
5.83643,-0.81356,-2.65259
5.83643,-0.81356,-2.65259
5.83643,-0.81356,-2.65259
5.83643,-0.81356,-2.65259
5.83643,-0.81356,-2.65259
5.83643,-0.81356,-2.65259
5.83643,-0.81356,-2.65259
5.83643,-0.81356,-2.65259
5.83643,-0.81356,-2.65259
5.83643,-0.81356,-2.65259
5.83643,-0.81356,-2.65259
5.83643,-0.81356,-2.65259
5.83643,-0.81356,-2.65259
5.83643,-0.81356,-2.65259
5.83643,-0.81356,-2.65259
5.83643,-0.81356,-2.65259
5.83643,-0.81356,-2.65259
5.83643,-0.81356,-2.65259
5.83643,-0.81356,-2.65259
5.83643,-0.81356,-2.65259
5.83643,-0.81356,-2.65259
5.83643,-0.81356,-2.65259
5.83643,-0.81356,-2.65259
5.83643,-0.81356,-2.65259
5.83643,-0.81356,-2.65259
5.83643,-0.81356,-2.65259
5.83643,-0.81356,-2.65259
5.83643,-0.81356,-2.65259
5.83643,-0.81356,-2.65259
5.83643,-0.81356,-2.65259
5.83643,-0.81356,-2.65259
5.83643,-0.81356,-2.65259
5.83643,-0.81356,-2.65259
5.83643,-0.81356,-2.65259
5.83643,-0.81356,-2.65259
5.83643,-0.81356,-2.65259
5.83643,-0.81356,-2.65259
5.83643,-0.81356,-2.65259
5.83643,-0.81356,-2.65259
5.83643,-0.81356,-2.65259
5.83643,-0.81356,-2.65259
5.83643,-0.81356,-2.65259
5.83643,-0.81356,-2.65259
5.83643,-0.81356,-2.65259
5.83643,-0.81356,-2.65259
5.83643,-0.81356,-2.65259
5.83643,-0.81356,-2.65259
5.83643,-0.81356,-2.65259
5.83643,-0.81356,-2.65259
5.83643,-0.81356,-2.65259
5.83643,-0.81356,-2.65259
5.83643,-0.81356,-2.65259
5.83643,-0.81356,-2.65259
5.83643,-0.81356,-2.65259
5.83643,-0.81356,-2.65259
5.83643,-0.81356,-2.65259
5.83643,-0.81356,-2.65259
5.83643,-0.81356,-2.65259
5.83643,-0.81356,-2.65259
5.83643,-0.81356,-2.65259
5.83643,-0.81356,-2.65259
5.83643,-0.81356,-2.65259
5.83643,-0.81356,-2.65259
5.83643,-0.81356,-2.65259
5.83643,-0.81356,-2.65259
5.83643,-0.81356,-2.65259
5.83643,-0.81356,-2.65259
5.83643,-0.81356,-2.65259
5.83643,-0.81356,-2.65259
5.83643,-0.81356,-2.65259
5.83643,-0.81356,-2.65259
5.83643,-0.81356,-2.65259
5.83643,-0.81356,-2.65259
5.83643,-0.81356,-2.65259
5.83643,-0.81356,-2.65259
5.83643,-0.81356,-2.65259
5.83643,-0.81356,-2.65259
5.83643,-0.81356,-2.65259
5.83643,-0.81356,-2.65259
5.83643,-0.81356,-2.65259
5.83643,-0.81356,-2.65259
5.83643,-0.81356,-2.65259
5.83643,-0.81356,-2.65259
5.83643,-0.81356,-2.65259
5.83643,-0.81356,-2.65259
5.83643,-0.81356,-2.65259
5.83643,-0.81356,-2.65259
5.83643,-0.81356,-2.65259
5.83643,-0.81356,-2.65259
5.83643,-0.81356,-2.65259
5.83643,-0.81356,-2.65259
5.83643,-0.81356,-2.65259
5.83643,-0.81356,-2.65259
5.83643,-0.81356,-2.65259
5.83643,-0.81356,-2.65259
5.83643,-0.81356,-2.65259
5.83643,-0.81356,-2.65259
5.83643,-0.81356,-2.65259
5.83643,-0.81356,-2.65259
5.83643,-0.81356,-2.65259
5.83643,-0.81356,-2.65259
5.83643,-0.81356,-2.65259
5.83643,-0.81356,-2.65259
5.83643,-0.81356,-2.65259
5.83643,-0.81356,-2.65259
5.83643,-0.81356,-2.65259
5.83643,-0.81356,-2.65259
5.83643,-0.81356,-2.65259
5.83643,-0.81356,-2.65259
5.83643,-0.81356,-2.65259
5.83643,-0.81356,-2.65259
5.83643,-0.81356,-2.65259
5.83643,-0.81356,-2.65259
5.83643,-0.81356,-2.65259
5.83643,-0.81356,-2.65259
5.83643,-0.81356,-2.65259
5.83643,-0.81356,-2.65259
5.83643,-0.81356,-2.65259
5.83643,-0.81356,-2.65259
5.83643,-0.81356,-2.65259
5.83643,-0.81356,-2.65259
5.83643,-0.81356,-2.65259
5.83643,-0.81356,-2.65259
5.83643,-0.81356,-2.65259
5.83643,-0.81356,-2.65259
5.83643,-0.81356,-2.65259
5.83643,-0.81356,-2.65259
5.83643,-0.81356,-2.65259
5.83643,-0.81356,-2.65259
5.83643,-0.81356,-2.65259
5.83643,-0.81356,-2.65259
5.83643,-0.81356,-2.65259
5.83643,-0.81356,-2.65259
5.83643,-0.81356,-2.65259
5.83643,-0.81356,-2.65259
5.83643,-0.81356,-2.65259
5.83643,-0.81356,-2.65259
5.83643,-0.81356,-2.65259
5.83643,-0.81356,-2.65259
5.83643,-0.81356,-2.65259
5.83643,-0.81356,-2.65259
5.83643,-0.81356,-2.65259
5.83643,-0.81356,-2.65259
5.83643,-0.81356,-2.65259
5.83643,-0.81356,-2.65259
5.83643,-0.81356,-2.65259
5.83643,-0.81356,-2.65259
5.83643,-0.81356,-2.65259
5.83643,-0.81356,-2.65259
5.83643,-0.81356,-2.65259
5.83643,-0.81356,-2.65259
5.83643,-0.81356,-2.65259
5.83643,-0.81356,-2.65259
5.83643,-0.81356,-2.65259
5.83643,-0.81356,-2.65259
5.83643,-0.81356,-2.65259
5.83643,-0.81356,-2.65259
5.83643,-0.81356,-2.65259
5.83643,-0.81356,-2.65259
5.83643,-0.81356,-2.65259
5.83643,-0.81356,-2.65259
5.83643,-0.81356,-2.65259
5.83643,-0.81356,-2.65259
5.83643,-0.81356,-2.65259
5.83643,-0.81356,-2.65259
5.83643,-0.81356,-2.65259
5.83643,-0.81356,-2.65259
5.83643,-0.81356,-2.65259
5.83643,-0.81356,-2.65259
5.83643,-0.81356,-2.65259
5.83643,-0.81356,-2.65259
5.83643,-0.81356,-2.65259
5.83643,-0.81356,-2.65259
5.83643,-0.81356,-2.65259
5.83643,-0.81356,-2.65259
5.83643,-0.81356,-2.65259
5.83643,-0.81356,-2.65259
5.83643,-0.81356,-2.65259
5.83643,-0.81356,-2.65259
5.83643,-0.81356,-2.65259
5.83643,-0.81356,-2.65259
5.83643,-0.81356,-2.65259
5.83643,-0.81356,-2.65259
5.83643,-0.81356,-2.65259
5.83643,-0.81356,-2.65259
5.83643,-0.81356,-2.65259
5.83643,-0.81356,-2.65259
5.83643,-0.81356,-2.65259
5.83643,-0.81356,-2.65259
5.83643,-0.81356,-2.65259
5.83643,-0.81356,-2.65259
5.83643,-0.81356,-2.65259
5.83643,-0.81356,-2.65259
5.83643,-0.81356,-2.65259
5.83643,-0.81356,-2.65259
5.81987,-0.82477,-2.58690
5.81987,-0.82477,-2.58690
5.81987,-0.82477,-2.58690
5.81987,-0.82477,-2.58690
5.81987,-0.82477,-2.58690
5.81987,-0.82477,-2.58690
5.81987,-0.82477,-2.58690
5.81987,-0.82477,-2.58690
5.81987,-0.82477,-2.58690
5.81987,-0.82477,-2.58690
5.81987,-0.82477,-2.58690
5.81987,-0.82477,-2.58690
5.81987,-0.82477,-2.58690
5.81987,-0.82477,-2.58690
5.81987,-0.82477,-2.58690
5.81987,-0.82477,-2.58690
5.81987,-0.82477,-2.58690
5.81987,-0.82477,-2.58690
5.81987,-0.82477,-2.58690
5.81987,-0.82477,-2.58690
5.81987,-0.82477,-2.58690
5.81987,-0.82477,-2.58690
5.81987,-0.82477,-2.58690
5.81987,-0.82477,-2.58690
5.81987,-0.82477,-2.58690
5.81987,-0.82477,-2.58690
5.81987,-0.82477,-2.58690
5.81987,-0.82477,-2.58690
5.81987,-0.82477,-2.58690
5.81987,-0.82477,-2.58690
5.81987,-0.82477,-2.58690
5.81987,-0.82477,-2.58690
5.81987,-0.82477,-2.58690
5.81987,-0.82477,-2.58690
5.81987,-0.82477,-2.58690
5.81987,-0.82477,-2.58690
5.81987,-0.82477,-2.58690
5.81987,-0.82477,-2.58690
5.81987,-0.82477,-2.58690
5.81987,-0.82477,-2.58690
5.81987,-0.82477,-2.58690
5.81987,-0.82477,-2.58690
5.81987,-0.82477,-2.58690
5.81987,-0.82477,-2.58690
5.81987,-0.82477,-2.58690
5.81987,-0.82477,-2.58690
5.81987,-0.82477,-2.58690
5.81987,-0.82477,-2.58690
5.81987,-0.82477,-2.58690
5.81987,-0.82477,-2.58690
5.81987,-0.82477,-2.58690
5.81987,-0.82477,-2.58690
5.81987,-0.82477,-2.58690
5.81987,-0.82477,-2.58690
5.81987,-0.82477,-2.58690
5.81987,-0.82477,-2.58690
5.81987,-0.82477,-2.58690
5.81987,-0.82477,-2.58690
5.81987,-0.82477,-2.58690
5.81987,-0.82477,-2.58690
5.81987,-0.82477,-2.58690
5.81987,-0.82477,-2.58690
5.81987,-0.82477,-2.58690
5.81987,-0.82477,-2.58690
5.81987,-0.82477,-2.58690
5.81987,-0.82477,-2.58690
5.81987,-0.82477,-2.58690
5.81987,-0.82477,-2.58690
5.81987,-0.82477,-2.58690
5.81987,-0.82477,-2.58690
5.81987,-0.82477,-2.58690
5.81987,-0.82477,-2.58690
5.81987,-0.82477,-2.58690
5.81987,-0.82477,-2.58690
5.81987,-0.82477,-2.58690
5.81987,-0.82477,-2.58690
5.81987,-0.82477,-2.58690
5.81987,-0.82477,-2.58690
5.81987,-0.82477,-2.58690
5.81987,-0.82477,-2.58690
5.81987,-0.82477,-2.58690
5.81987,-0.82477,-2.58690
5.81987,-0.82477,-2.58690
5.81987,-0.82477,-2.58690
5.81987,-0.82477,-2.58690
5.81987,-0.82477,-2.58690
5.81987,-0.82477,-2.58690
5.81987,-0.82477,-2.58690
5.81987,-0.82477,-2.58690
5.81987,-0.82477,-2.58690
5.81987,-0.82477,-2.58690
5.81987,-0.82477,-2.58690
5.81987,-0.82477,-2.58690
5.81987,-0.82477,-2.58690
5.81987,-0.82477,-2.58690
5.81987,-0.82477,-2.58690
5.81987,-0.82477,-2.58690
5.81987,-0.82477,-2.58690
5.81987,-0.82477,-2.58690
5.81987,-0.82477,-2.58690
5.81987,-0.82477,-2.58690
5.81987,-0.82477,-2.58690
5.81987,-0.82477,-2.58690
5.81987,-0.82477,-2.58690
5.81987,-0.82477,-2.58690
5.81987,-0.82477,-2.58690
5.81987,-0.82477,-2.58690
5.81987,-0.82477,-2.58690
5.81987,-0.82477,-2.58690
5.81987,-0.82477,-2.58690
5.81987,-0.82477,-2.58690
5.81987,-0.82477,-2.58690
5.81987,-0.82477,-2.58690
5.81987,-0.82477,-2.58690
5.81987,-0.82477,-2.58690
5.81987,-0.82477,-2.58690
5.81987,-0.82477,-2.58690
5.81987,-0.82477,-2.58690
5.81987,-0.82477,-2.58690
5.81987,-0.82477,-2.58690
5.81987,-0.82477,-2.58690
5.81987,-0.82477,-2.58690
5.81987,-0.82477,-2.58690
5.81987,-0.82477,-2.58690
5.81987,-0.82477,-2.58690
5.81987,-0.82477,-2.58690
5.81987,-0.82477,-2.58690
5.81987,-0.82477,-2.58690
5.81987,-0.82477,-2.58690
5.81987,-0.82477,-2.58690
5.81987,-0.82477,-2.58690
5.81987,-0.82477,-2.58690
5.81987,-0.82477,-2.58690
5.81987,-0.82477,-2.58690
5.81987,-0.82477,-2.58690
5.81987,-0.82477,-2.58690
5.81987,-0.82477,-2.58690
5.81987,-0.82477,-2.58690
5.81987,-0.82477,-2.58690
5.81987,-0.82477,-2.58690
5.81987,-0.82477,-2.58690
5.81987,-0.82477,-2.58690
5.81987,-0.82477,-2.58690
5.81987,-0.82477,-2.58690
5.81987,-0.82477,-2.58690
5.81987,-0.82477,-2.58690
5.81987,-0.82477,-2.58690
5.81987,-0.82477,-2.58690
5.81987,-0.82477,-2.58690
5.81987,-0.82477,-2.58690
5.81987,-0.82477,-2.58690
5.81987,-0.82477,-2.58690
5.81987,-0.82477,-2.58690
5.81987,-0.82477,-2.58690
5.81987,-0.82477,-2.58690
5.81987,-0.82477,-2.58690
5.81987,-0.82477,-2.58690
5.81987,-0.82477,-2.58690
5.81987,-0.82477,-2.58690
5.81987,-0.82477,-2.58690
5.81987,-0.82477,-2.58690
5.81987,-0.82477,-2.58690
5.81987,-0.82477,-2.58690
5.81987,-0.82477,-2.58690
5.81987,-0.82477,-2.58690
5.81987,-0.82477,-2.58690
5.81987,-0.82477,-2.58690
5.81987,-0.82477,-2.58690
5.81987,-0.82477,-2.58690
5.81987,-0.82477,-2.58690
5.81987,-0.82477,-2.58690
5.81987,-0.82477,-2.58690
5.81987,-0.82477,-2.58690
5.81987,-0.82477,-2.58690
5.81987,-0.82477,-2.58690
5.81987,-0.82477,-2.58690
5.81987,-0.82477,-2.58690
5.81987,-0.82477,-2.58690
5.81987,-0.82477,-2.58690
5.81987,-0.82477,-2.58690
5.81987,-0.82477,-2.58690
5.81987,-0.82477,-2.58690
5.81987,-0.82477,-2.58690
5.81987,-0.82477,-2.58690
5.81987,-0.82477,-2.58690
5.81987,-0.82477,-2.58690
5.81987,-0.82477,-2.58690
5.81987,-0.82477,-2.58690
5.81987,-0.82477,-2.58690
5.81987,-0.82477,-2.58690
5.81987,-0.82477,-2.58690
5.81987,-0.82477,-2.58690
5.81987,-0.82477,-2.58690
5.81987,-0.82477,-2.58690
5.81987,-0.82477,-2.58690
5.81987,-0.82477,-2.58690
5.81987,-0.82477,-2.58690
5.81987,-0.82477,-2.58690
5.81987,-0.82477,-2.58690
5.81987,-0.82477,-2.58690
5.81987,-0.82477,-2.58690
5.81987,-0.82477,-2.58690
5.81987,-0.82477,-2.58690
5.81987,-0.82477,-2.58690
5.81987,-0.82477,-2.58690
5.81987,-0.82477,-2.58690
5.81987,-0.82477,-2.58690
5.81987,-0.82477,-2.58690
5.81987,-0.82477,-2.58690
5.81987,-0.82477,-2.58690
5.81987,-0.82477,-2.58690
5.81987,-0.82477,-2.58690
5.81987,-0.82477,-2.58690
5.81987,-0.82477,-2.58690
5.81987,-0.82477,-2.58690
5.81987,-0.82477,-2.58690
5.81987,-0.82477,-2.58690
5.81987,-0.82477,-2.58690
5.81987,-0.82477,-2.58690
5.81987,-0.82477,-2.58690
5.81987,-0.82477,-2.58690
5.81987,-0.82477,-2.58690
5.81987,-0.82477,-2.58690
5.81987,-0.82477,-2.58690
5.81987,-0.82477,-2.58690
5.81987,-0.82477,-2.58690
5.81987,-0.82477,-2.58690
5.81987,-0.82477,-2.58690
5.81987,-0.82477,-2.58690
5.81987,-0.82477,-2.58690
5.81987,-0.82477,-2.58690
5.81987,-0.82477,-2.58690
5.81987,-0.82477,-2.58690
5.81987,-0.82477,-2.58690
5.81987,-0.82477,-2.58690
5.81987,-0.82477,-2.58690
5.81987,-0.82477,-2.58690
5.81987,-0.82477,-2.58690
5.81987,-0.82477,-2.58690
5.81987,-0.82477,-2.58690
5.81987,-0.82477,-2.58690
5.81987,-0.82477,-2.58690
5.81987,-0.82477,-2.58690
5.81987,-0.82477,-2.58690
5.81987,-0.82477,-2.58690
5.81987,-0.82477,-2.58690
5.81987,-0.82477,-2.58690
5.81987,-0.82477,-2.58690
5.81987,-0.82477,-2.58690
5.81987,-0.82477,-2.58690
5.81987,-0.82477,-2.58690
5.81987,-0.82477,-2.58690
5.81987,-0.82477,-2.58690
5.81987,-0.82477,-2.58690
5.81987,-0.82477,-2.58690
5.81987,-0.82477,-2.58690
5.81987,-0.82477,-2.58690
5.81987,-0.82477,-2.58690
5.81987,-0.82477,-2.58690
5.81987,-0.82477,-2.58690
5.81987,-0.82477,-2.58690
5.81987,-0.82477,-2.58690
5.81987,-0.82477,-2.58690
5.81987,-0.82477,-2.58690
5.81987,-0.82477,-2.58690
5.81987,-0.82477,-2.58690
5.81987,-0.82477,-2.58690
5.81987,-0.82477,-2.58690
5.81987,-0.82477,-2.58690
5.81987,-0.82477,-2.58690
5.81987,-0.82477,-2.58690
5.81987,-0.82477,-2.58690
5.81987,-0.82477,-2.58690
5.81987,-0.82477,-2.58690
5.81987,-0.82477,-2.58690
5.81987,-0.82477,-2.58690
5.81987,-0.82477,-2.58690
5.81987,-0.82477,-2.58690
5.81987,-0.82477,-2.58690
5.81987,-0.82477,-2.58690
5.81987,-0.82477,-2.58690
5.81987,-0.82477,-2.58690
5.81987,-0.82477,-2.58690
5.81987,-0.82477,-2.58690
5.81987,-0.82477,-2.58690
5.81987,-0.82477,-2.58690
5.81987,-0.82477,-2.58690
5.81987,-0.82477,-2.58690
5.81987,-0.82477,-2.58690
5.81987,-0.82477,-2.58690
5.81987,-0.82477,-2.58690
5.81987,-0.82477,-2.58690
5.81987,-0.82477,-2.58690
5.81987,-0.82477,-2.58690
5.81987,-0.82477,-2.58690
5.81987,-0.82477,-2.58690
5.81987,-0.82477,-2.58690
5.81987,-0.82477,-2.58690
5.81987,-0.82477,-2.58690
5.81987,-0.82477,-2.58690
5.81987,-0.82477,-2.58690
5.81987,-0.82477,-2.58690
5.81987,-0.82477,-2.58690
5.81987,-0.82477,-2.58690
5.81987,-0.82477,-2.58690
5.81987,-0.82477,-2.58690
5.81987,-0.82477,-2.58690
5.81987,-0.82477,-2.58690
5.81987,-0.82477,-2.58690
5.81987,-0.82477,-2.58690
5.81987,-0.82477,-2.58690
5.81987,-0.82477,-2.58690
5.81987,-0.82477,-2.58690
5.81987,-0.82477,-2.58690
5.81987,-0.82477,-2.58690
5.81987,-0.82477,-2.58690
5.81987,-0.82477,-2.58690
5.81987,-0.82477,-2.58690
5.81987,-0.82477,-2.58690
5.81987,-0.82477,-2.58690
5.81987,-0.82477,-2.58690
5.81987,-0.82477,-2.58690
5.81987,-0.82477,-2.58690
5.81987,-0.82477,-2.58690
5.81987,-0.82477,-2.58690
5.81987,-0.82477,-2.58690
5.81987,-0.82477,-2.58690
5.81987,-0.82477,-2.58690
5.81987,-0.82477,-2.58690
5.81987,-0.82477,-2.58690
5.81987,-0.82477,-2.58690
5.81987,-0.82477,-2.58690
5.81987,-0.82477,-2.58690
5.81987,-0.82477,-2.58690
5.81987,-0.82477,-2.58690
5.81987,-0.82477,-2.58690
5.81987,-0.82477,-2.58690
5.81987,-0.82477,-2.58690
5.81987,-0.82477,-2.58690
5.81987,-0.82477,-2.58690
5.81987,-0.82477,-2.58690
5.81987,-0.82477,-2.58690
5.81987,-0.82477,-2.58690
5.81987,-0.82477,-2.58690
5.81987,-0.82477,-2.58690
5.81987,-0.82477,-2.58690
5.81987,-0.82477,-2.58690
5.81987,-0.82477,-2.58690
5.81987,-0.82477,-2.58690
5.81987,-0.82477,-2.58690
5.81987,-0.82477,-2.58690
5.81987,-0.82477,-2.58690
5.81987,-0.82477,-2.58690
5.81987,-0.82477,-2.58690
5.81987,-0.82477,-2.58690
5.81987,-0.82477,-2.58690
5.81987,-0.82477,-2.58690
5.81987,-0.82477,-2.58690
5.81987,-0.82477,-2.58690
5.81987,-0.82477,-2.58690
5.81987,-0.82477,-2.58690
5.81987,-0.82477,-2.58690
5.81987,-0.82477,-2.58690
5.81987,-0.82477,-2.58690
5.81987,-0.82477,-2.58690
5.81987,-0.82477,-2.58690
5.81987,-0.82477,-2.58690
5.81987,-0.82477,-2.58690
5.81987,-0.82477,-2.58690
5.81987,-0.82477,-2.58690
5.81987,-0.82477,-2.58690
5.81987,-0.82477,-2.58690
5.81987,-0.82477,-2.58690
5.81987,-0.82477,-2.58690
5.81987,-0.82477,-2.58690
5.81987,-0.82477,-2.58690
5.81987,-0.82477,-2.58690
5.81987,-0.82477,-2.58690
5.81987,-0.82477,-2.58690
5.81987,-0.82477,-2.58690
5.81987,-0.82477,-2.58690
5.81987,-0.82477,-2.58690
5.81987,-0.82477,-2.58690
5.81987,-0.82477,-2.58690
5.81987,-0.82477,-2.58690
5.81987,-0.82477,-2.58690
5.81987,-0.82477,-2.58690
5.81987,-0.82477,-2.58690
5.81987,-0.82477,-2.58690
5.81987,-0.82477,-2.58690
5.81987,-0.82477,-2.58690
5.81987,-0.82477,-2.58690
5.81987,-0.82477,-2.58690
5.81987,-0.82477,-2.58690
5.81987,-0.82477,-2.58690
5.81987,-0.82477,-2.58690
5.81987,-0.82477,-2.58690
5.81987,-0.82477,-2.58690
5.81987,-0.82477,-2.58690
5.81987,-0.82477,-2.58690
5.81987,-0.82477,-2.58690
5.81987,-0.82477,-2.58690
5.81987,-0.82477,-2.58690
5.81987,-0.82477,-2.58690
5.81987,-0.82477,-2.58690
5.81987,-0.82477,-2.58690
5.81987,-0.82477,-2.58690
5.81987,-0.82477,-2.58690
5.81987,-0.82477,-2.58690
5.81987,-0.82477,-2.58690
5.81987,-0.82477,-2.58690
5.81987,-0.82477,-2.58690
5.81987,-0.82477,-2.58690
5.81987,-0.82477,-2.58690
5.81987,-0.82477,-2.58690
5.81987,-0.82477,-2.58690
5.81987,-0.82477,-2.58690
5.81987,-0.82477,-2.58690
5.81987,-0.82477,-2.58690
5.81987,-0.82477,-2.58690
5.81987,-0.82477,-2.58690
5.81987,-0.82477,-2.58690
5.81987,-0.82477,-2.58690
5.81987,-0.82477,-2.58690
5.81987,-0.82477,-2.58690
5.81987,-0.82477,-2.58690
5.81987,-0.82477,-2.58690
5.81987,-0.82477,-2.58690
5.81987,-0.82477,-2.58690
5.81987,-0.82477,-2.58690
5.81987,-0.82477,-2.58690
5.81987,-0.82477,-2.58690
5.81987,-0.82477,-2.58690
5.81987,-0.82477,-2.58690
5.81987,-0.82477,-2.58690
5.81987,-0.82477,-2.58690
5.81987,-0.82477,-2.58690
5.81987,-0.82477,-2.58690
5.81987,-0.82477,-2.58690
5.81987,-0.82477,-2.58690
5.81987,-0.82477,-2.58690
5.81987,-0.82477,-2.58690
5.81987,-0.82477,-2.58690
5.81987,-0.82477,-2.58690
5.81987,-0.82477,-2.58690
5.81987,-0.82477,-2.58690
5.81987,-0.82477,-2.58690
5.81987,-0.82477,-2.58690
5.81987,-0.82477,-2.58690
5.81987,-0.82477,-2.58690
5.81987,-0.82477,-2.58690
5.81987,-0.82477,-2.58690
5.81987,-0.82477,-2.58690
5.81987,-0.82477,-2.58690
5.81987,-0.82477,-2.58690
5.81987,-0.82477,-2.58690
5.81987,-0.82477,-2.58690
5.81987,-0.82477,-2.58690
5.81987,-0.82477,-2.58690
5.81987,-0.82477,-2.58690
5.81987,-0.82477,-2.58690
5.81987,-0.82477,-2.58690
5.81987,-0.82477,-2.58690
5.81987,-0.82477,-2.58690
5.81987,-0.82477,-2.58690
5.81987,-0.82477,-2.58690
5.81987,-0.82477,-2.58690
5.81987,-0.82477,-2.58690
5.81987,-0.82477,-2.58690
5.81987,-0.82477,-2.58690
5.81987,-0.82477,-2.58690
5.81987,-0.82477,-2.58690
5.81987,-0.82477,-2.58690
5.81987,-0.82477,-2.58690
5.81987,-0.82477,-2.58690
5.81987,-0.82477,-2.58690
5.81987,-0.82477,-2.58690
5.81987,-0.82477,-2.58690
5.81987,-0.82477,-2.58690
5.81987,-0.82477,-2.58690
5.81987,-0.82477,-2.58690
5.81987,-0.82477,-2.58690
5.81987,-0.82477,-2.58690
5.81987,-0.82477,-2.58690
5.81987,-0.82477,-2.58690
5.81987,-0.82477,-2.58690
5.81987,-0.82477,-2.58690
5.81987,-0.82477,-2.58690
5.81987,-0.82477,-2.58690
5.81987,-0.82477,-2.58690
5.81987,-0.82477,-2.58690
5.81987,-0.82477,-2.58690
5.81987,-0.82477,-2.58690
5.81987,-0.82477,-2.58690
5.81987,-0.82477,-2.58690
5.81987,-0.82477,-2.58690
5.81987,-0.82477,-2.58690
5.81987,-0.82477,-2.58690
5.81987,-0.82477,-2.58690
5.81987,-0.82477,-2.58690
5.81987,-0.82477,-2.58690
5.81987,-0.82477,-2.58690
5.81987,-0.82477,-2.58690
5.81987,-0.82477,-2.58690
5.81987,-0.82477,-2.58690
5.81987,-0.82477,-2.58690
5.81987,-0.82477,-2.58690
5.81987,-0.82477,-2.58690
5.81987,-0.82477,-2.58690
5.81987,-0.82477,-2.58690
5.81987,-0.82477,-2.58690
5.81987,-0.82477,-2.58690
5.81987,-0.82477,-2.58690
5.81987,-0.82477,-2.58690
5.81987,-0.82477,-2.58690
5.81987,-0.82477,-2.58690
5.81987,-0.82477,-2.58690
5.81987,-0.82477,-2.58690
5.81987,-0.82477,-2.58690
5.81987,-0.82477,-2.58690
5.81987,-0.82477,-2.58690
5.81987,-0.82477,-2.58690
5.81987,-0.82477,-2.58690
5.81987,-0.82477,-2.58690
5.81987,-0.82477,-2.58690
5.81987,-0.82477,-2.58690
5.81987,-0.82477,-2.58690
5.81987,-0.82477,-2.58690
5.81987,-0.82477,-2.58690
5.81987,-0.82477,-2.58690
5.81987,-0.82477,-2.58690
5.81987,-0.82477,-2.58690
5.81987,-0.82477,-2.58690
5.81987,-0.82477,-2.58690
5.81987,-0.82477,-2.58690
5.81987,-0.82477,-2.58690
5.81987,-0.82477,-2.58690
5.81987,-0.82477,-2.58690
5.81987,-0.82477,-2.58690
5.81987,-0.82477,-2.58690
5.81987,-0.82477,-2.58690
5.81987,-0.82477,-2.58690
5.81987,-0.82477,-2.58690
5.81987,-0.82477,-2.58690
5.81987,-0.82477,-2.58690
5.81987,-0.82477,-2.58690
5.81987,-0.82477,-2.58690
5.81987,-0.82477,-2.58690
5.81987,-0.82477,-2.58690
5.81987,-0.82477,-2.58690
5.81987,-0.82477,-2.58690
5.81987,-0.82477,-2.58690
5.81987,-0.82477,-2.58690
5.81987,-0.82477,-2.58690
5.81987,-0.82477,-2.58690
5.81987,-0.82477,-2.58690
5.81987,-0.82477,-2.58690
5.81987,-0.82477,-2.58690
5.81987,-0.82477,-2.58690
5.81987,-0.82477,-2.58690
5.81987,-0.82477,-2.58690
5.81987,-0.82477,-2.58690
5.81987,-0.82477,-2.58690
5.81987,-0.82477,-2.58690
5.81987,-0.82477,-2.58690
5.81987,-0.82477,-2.58690
5.81987,-0.82477,-2.58690
5.81987,-0.82477,-2.58690
5.81987,-0.82477,-2.58690
5.81987,-0.82477,-2.58690
5.81987,-0.82477,-2.58690
5.81987,-0.82477,-2.58690
5.81987,-0.82477,-2.58690
5.81987,-0.82477,-2.58690
5.81987,-0.82477,-2.58690
5.81987,-0.82477,-2.58690
5.81987,-0.82477,-2.58690
5.81987,-0.82477,-2.58690
5.81987,-0.82477,-2.58690
5.81987,-0.82477,-2.58690
5.81987,-0.82477,-2.58690
5.81987,-0.82477,-2.58690
5.81987,-0.82477,-2.58690
5.81987,-0.82477,-2.58690
5.81987,-0.82477,-2.58690
5.81987,-0.82477,-2.58690
5.81987,-0.82477,-2.58690
5.81987,-0.82477,-2.58690
5.81987,-0.82477,-2.58690
5.81987,-0.82477,-2.58690
5.81987,-0.82477,-2.58690
5.81987,-0.82477,-2.58690
5.81987,-0.82477,-2.58690
5.81987,-0.82477,-2.58690
5.81987,-0.82477,-2.58690
5.81987,-0.82477,-2.58690
5.81987,-0.82477,-2.58690
5.81987,-0.82477,-2.58690
5.81987,-0.82477,-2.58690
5.81987,-0.82477,-2.58690
5.81987,-0.82477,-2.58690
5.81987,-0.82477,-2.58690
5.81987,-0.82477,-2.58690
5.81987,-0.82477,-2.58690
5.81987,-0.82477,-2.58690
5.81987,-0.82477,-2.58690
5.81987,-0.82477,-2.58690
5.81987,-0.82477,-2.58690
5.81987,-0.82477,-2.58690
5.81987,-0.82477,-2.58690
5.81987,-0.82477,-2.58690
5.81987,-0.82477,-2.58690
5.81987,-0.82477,-2.58690
5.81987,-0.82477,-2.58690
5.81987,-0.82477,-2.58690
5.81987,-0.82477,-2.58690
5.81987,-0.82477,-2.58690
5.81987,-0.82477,-2.58690
5.81987,-0.82477,-2.58690
5.81987,-0.82477,-2.58690
5.81987,-0.82477,-2.58690
5.81987,-0.82477,-2.58690
5.81987,-0.82477,-2.58690
5.81987,-0.82477,-2.58690
5.81987,-0.82477,-2.58690
5.81987,-0.82477,-2.58690
5.81987,-0.82477,-2.58690
5.81987,-0.82477,-2.58690
5.81987,-0.82477,-2.58690
5.81987,-0.82477,-2.58690
5.81987,-0.82477,-2.58690
5.81987,-0.82477,-2.58690
5.81987,-0.82477,-2.58690
5.81987,-0.82477,-2.58690
5.81987,-0.82477,-2.58690
5.81987,-0.82477,-2.58690
5.81987,-0.82477,-2.58690
5.81987,-0.82477,-2.58690
5.81987,-0.82477,-2.58690
5.81987,-0.82477,-2.58690
5.81987,-0.82477,-2.58690
5.81987,-0.82477,-2.58690
5.81987,-0.82477,-2.58690
5.81987,-0.82477,-2.58690
5.81987,-0.82477,-2.58690
5.81987,-0.82477,-2.58690
5.81987,-0.82477,-2.58690
5.81987,-0.82477,-2.58690
5.81987,-0.82477,-2.58690
5.81987,-0.82477,-2.58690
5.81987,-0.82477,-2.58690
5.81987,-0.82477,-2.58690
5.81987,-0.82477,-2.58690
5.81987,-0.82477,-2.58690
5.81987,-0.82477,-2.58690
5.81987,-0.82477,-2.58690
5.81987,-0.82477,-2.58690
5.81987,-0.82477,-2.58690
5.81987,-0.82477,-2.58690
5.81987,-0.82477,-2.58690
5.81987,-0.82477,-2.58690
5.81987,-0.82477,-2.58690
5.81987,-0.82477,-2.58690
5.81987,-0.82477,-2.58690
5.81987,-0.82477,-2.58690
5.81987,-0.82477,-2.58690
5.81987,-0.82477,-2.58690
5.81987,-0.82477,-2.58690
5.81987,-0.82477,-2.58690
5.81987,-0.82477,-2.58690
5.81987,-0.82477,-2.58690
5.81987,-0.82477,-2.58690
5.81987,-0.82477,-2.58690
5.81987,-0.82477,-2.58690
5.81987,-0.82477,-2.58690
5.81987,-0.82477,-2.58690
5.81987,-0.82477,-2.58690
5.81987,-0.82477,-2.58690
5.81987,-0.82477,-2.58690
5.81987,-0.82477,-2.58690
5.81987,-0.82477,-2.58690
5.81987,-0.82477,-2.58690
5.81987,-0.82477,-2.58690
5.81987,-0.82477,-2.58690
5.81987,-0.82477,-2.58690
5.81987,-0.82477,-2.58690
5.81987,-0.82477,-2.58690
5.81987,-0.82477,-2.58690
5.81987,-0.82477,-2.58690
5.81987,-0.82477,-2.58690
5.81987,-0.82477,-2.58690
5.81987,-0.82477,-2.58690
5.81987,-0.82477,-2.58690
5.81987,-0.82477,-2.58690
5.81987,-0.82477,-2.58690
5.81987,-0.82477,-2.58690
5.81987,-0.82477,-2.58690
5.81987,-0.82477,-2.58690
5.81987,-0.82477,-2.58690
5.81987,-0.82477,-2.58690
5.81987,-0.82477,-2.58690
5.81987,-0.82477,-2.58690
5.81987,-0.82477,-2.58690
5.81987,-0.82477,-2.58690
5.81987,-0.82477,-2.58690
5.81987,-0.82477,-2.58690
5.81987,-0.82477,-2.58690
5.81987,-0.82477,-2.58690
5.81987,-0.82477,-2.58690
5.81987,-0.82477,-2.58690
5.81987,-0.82477,-2.58690
5.81987,-0.82477,-2.58690
5.81987,-0.82477,-2.58690
5.81987,-0.82477,-2.58690
5.81987,-0.82477,-2.58690
5.81987,-0.82477,-2.58690
5.81987,-0.82477,-2.58690
5.81987,-0.82477,-2.58690
5.81987,-0.82477,-2.58690
5.81987,-0.82477,-2.58690
5.81987,-0.82477,-2.58690
5.81987,-0.82477,-2.58690
5.81987,-0.82477,-2.58690
5.81987,-0.82477,-2.58690
5.81987,-0.82477,-2.58690
5.81987,-0.82477,-2.58690
5.81987,-0.82477,-2.58690
5.81987,-0.82477,-2.58690
5.81987,-0.82477,-2.58690
5.81987,-0.82477,-2.58690
5.81987,-0.82477,-2.58690
5.81987,-0.82477,-2.58690
5.81987,-0.82477,-2.58690
5.81987,-0.82477,-2.58690
5.81987,-0.82477,-2.58690
5.81987,-0.82477,-2.58690
5.81987,-0.82477,-2.58690
5.81987,-0.82477,-2.58690
5.81987,-0.82477,-2.58690
5.81987,-0.82477,-2.58690
5.81987,-0.82477,-2.58690
5.81987,-0.82477,-2.58690
5.81987,-0.82477,-2.58690
5.81987,-0.82477,-2.58690
5.81987,-0.82477,-2.58690
5.81987,-0.82477,-2.58690
5.81987,-0.82477,-2.58690
5.81987,-0.82477,-2.58690
5.81987,-0.82477,-2.58690
5.81987,-0.82477,-2.58690
5.81987,-0.82477,-2.58690
5.81987,-0.82477,-2.58690
5.81987,-0.82477,-2.58690
5.81987,-0.82477,-2.58690
5.81987,-0.82477,-2.58690
5.81987,-0.82477,-2.58690
5.81987,-0.82477,-2.58690
5.81987,-0.82477,-2.58690
5.81987,-0.82477,-2.58690
5.81987,-0.82477,-2.58690
5.81987,-0.82477,-2.58690
5.81987,-0.82477,-2.58690
5.81987,-0.82477,-2.58690
5.81987,-0.82477,-2.58690
5.81987,-0.82477,-2.58690
5.81987,-0.82477,-2.58690
5.81987,-0.82477,-2.58690
5.81987,-0.82477,-2.58690
5.81987,-0.82477,-2.58690
5.81987,-0.82477,-2.58690
5.81987,-0.82477,-2.58690
5.81987,-0.82477,-2.58690
5.81987,-0.82477,-2.58690
5.81987,-0.82477,-2.58690
5.81987,-0.82477,-2.58690
5.81987,-0.82477,-2.58690
5.81987,-0.82477,-2.58690
5.81987,-0.82477,-2.58690
5.81987,-0.82477,-2.58690
5.81987,-0.82477,-2.58690
5.81987,-0.82477,-2.58690
5.81987,-0.82477,-2.58690
5.81987,-0.82477,-2.58690
5.81987,-0.82477,-2.58690
5.81987,-0.82477,-2.58690
5.81987,-0.82477,-2.58690
5.81987,-0.82477,-2.58690
5.81987,-0.82477,-2.58690
5.81987,-0.82477,-2.58690
5.81987,-0.82477,-2.58690
5.81987,-0.82477,-2.58690
5.81987,-0.82477,-2.58690
5.81987,-0.82477,-2.58690
5.81987,-0.82477,-2.58690
5.81987,-0.82477,-2.58690
5.81987,-0.82477,-2.58690
5.81987,-0.82477,-2.58690
5.81987,-0.82477,-2.58690
5.81987,-0.82477,-2.58690
5.81987,-0.82477,-2.58690
5.81987,-0.82477,-2.58690
5.81987,-0.82477,-2.58690
5.81987,-0.82477,-2.58690
5.81987,-0.82477,-2.58690
5.81987,-0.82477,-2.58690
5.81987,-0.82477,-2.58690
5.81987,-0.82477,-2.58690
5.81987,-0.82477,-2.58690
5.81987,-0.82477,-2.58690
5.81987,-0.82477,-2.58690
5.81987,-0.82477,-2.58690
5.81987,-0.82477,-2.58690
5.81987,-0.82477,-2.58690
5.81987,-0.82477,-2.58690
5.81987,-0.82477,-2.58690
5.81987,-0.82477,-2.58690
5.81987,-0.82477,-2.58690
5.81987,-0.82477,-2.58690
5.81987,-0.82477,-2.58690
5.81987,-0.82477,-2.58690
5.81987,-0.82477,-2.58690
5.81987,-0.82477,-2.58690
5.81987,-0.82477,-2.58690
5.81987,-0.82477,-2.58690
5.81987,-0.82477,-2.58690
5.81987,-0.82477,-2.58690
5.81987,-0.82477,-2.58690
5.81987,-0.82477,-2.58690
5.81987,-0.82477,-2.58690
5.81987,-0.82477,-2.58690
5.81987,-0.82477,-2.58690
5.81987,-0.82477,-2.58690
5.81987,-0.82477,-2.58690
5.81987,-0.82477,-2.58690
5.81987,-0.82477,-2.58690
5.81987,-0.82477,-2.58690
5.81987,-0.82477,-2.58690
5.81987,-0.82477,-2.58690
5.81987,-0.82477,-2.58690
5.81987,-0.82477,-2.58690
5.81987,-0.82477,-2.58690
5.81987,-0.82477,-2.58690
5.81987,-0.82477,-2.58690
5.81987,-0.82477,-2.58690
5.83109,-0.84133,-2.52711
5.83109,-0.84133,-2.52711
5.83109,-0.84133,-2.52711
5.83109,-0.84133,-2.52711
5.83109,-0.84133,-2.52711
5.83109,-0.84133,-2.52711
5.83109,-0.84133,-2.52711
5.83109,-0.84133,-2.52711
5.83109,-0.84133,-2.52711
5.83109,-0.84133,-2.52711
5.83109,-0.84133,-2.52711
5.83109,-0.84133,-2.52711
5.83109,-0.84133,-2.52711
5.83109,-0.84133,-2.52711
5.83109,-0.84133,-2.52711
5.83109,-0.84133,-2.52711
5.83109,-0.84133,-2.52711
5.83109,-0.84133,-2.52711
5.83109,-0.84133,-2.52711
5.83109,-0.84133,-2.52711
5.83109,-0.84133,-2.52711
5.83109,-0.84133,-2.52711
5.83109,-0.84133,-2.52711
5.83109,-0.84133,-2.52711
5.83109,-0.84133,-2.52711
5.83109,-0.84133,-2.52711
5.83109,-0.84133,-2.52711
5.83109,-0.84133,-2.52711
5.83109,-0.84133,-2.52711
5.83109,-0.84133,-2.52711
5.83109,-0.84133,-2.52711
5.83109,-0.84133,-2.52711
5.83109,-0.84133,-2.52711
5.83109,-0.84133,-2.52711
5.83109,-0.84133,-2.52711
5.83109,-0.84133,-2.52711
5.83109,-0.84133,-2.52711
5.83109,-0.84133,-2.52711
5.83109,-0.84133,-2.52711
5.83109,-0.84133,-2.52711
5.83109,-0.84133,-2.52711
5.83109,-0.84133,-2.52711
5.83109,-0.84133,-2.52711
5.83109,-0.84133,-2.52711
5.83109,-0.84133,-2.52711
5.83109,-0.84133,-2.52711
5.83109,-0.84133,-2.52711
5.83109,-0.84133,-2.52711
5.83109,-0.84133,-2.52711
5.83109,-0.84133,-2.52711
5.83109,-0.84133,-2.52711
5.83109,-0.84133,-2.52711
5.83109,-0.84133,-2.52711
5.83109,-0.84133,-2.52711
5.83109,-0.84133,-2.52711
5.83109,-0.84133,-2.52711
5.83109,-0.84133,-2.52711
5.83109,-0.84133,-2.52711
5.83109,-0.84133,-2.52711
5.83109,-0.84133,-2.52711
5.83109,-0.84133,-2.52711
5.83109,-0.84133,-2.52711
5.83109,-0.84133,-2.52711
5.83109,-0.84133,-2.52711
5.83109,-0.84133,-2.52711
5.83109,-0.84133,-2.52711
5.83109,-0.84133,-2.52711
5.83109,-0.84133,-2.52711
5.83109,-0.84133,-2.52711
5.83109,-0.84133,-2.52711
5.83109,-0.84133,-2.52711
5.83109,-0.84133,-2.52711
5.83109,-0.84133,-2.52711
5.83109,-0.84133,-2.52711
5.83109,-0.84133,-2.52711
5.83109,-0.84133,-2.52711
5.83109,-0.84133,-2.52711
5.83109,-0.84133,-2.52711
5.83109,-0.84133,-2.52711
5.83109,-0.84133,-2.52711
5.83109,-0.84133,-2.52711
5.83109,-0.84133,-2.52711
5.83109,-0.84133,-2.52711
5.83109,-0.84133,-2.52711
5.83109,-0.84133,-2.52711
5.83109,-0.84133,-2.52711
5.83109,-0.84133,-2.52711
5.83109,-0.84133,-2.52711
5.83109,-0.84133,-2.52711
5.83109,-0.84133,-2.52711
5.83109,-0.84133,-2.52711
5.83109,-0.84133,-2.52711
5.83109,-0.84133,-2.52711
5.83109,-0.84133,-2.52711
5.83109,-0.84133,-2.52711
5.83109,-0.84133,-2.52711
5.83109,-0.84133,-2.52711
5.83109,-0.84133,-2.52711
5.83109,-0.84133,-2.52711
5.83109,-0.84133,-2.52711
5.83109,-0.84133,-2.52711
5.83109,-0.84133,-2.52711
5.83109,-0.84133,-2.52711
5.83109,-0.84133,-2.52711
5.83109,-0.84133,-2.52711
5.83109,-0.84133,-2.52711
5.83109,-0.84133,-2.52711
5.83109,-0.84133,-2.52711
5.83109,-0.84133,-2.52711
5.83109,-0.84133,-2.52711
5.83109,-0.84133,-2.52711
5.83109,-0.84133,-2.52711
5.83109,-0.84133,-2.52711
5.83109,-0.84133,-2.52711
5.83109,-0.84133,-2.52711
5.83109,-0.84133,-2.52711
5.83109,-0.84133,-2.52711
5.83109,-0.84133,-2.52711
5.83109,-0.84133,-2.52711
5.83109,-0.84133,-2.52711
5.83109,-0.84133,-2.52711
5.83109,-0.84133,-2.52711
5.83109,-0.84133,-2.52711
5.83109,-0.84133,-2.52711
5.83109,-0.84133,-2.52711
5.83109,-0.84133,-2.52711
5.83109,-0.84133,-2.52711
5.83109,-0.84133,-2.52711
5.83109,-0.84133,-2.52711
5.83109,-0.84133,-2.52711
5.83109,-0.84133,-2.52711
5.83109,-0.84133,-2.52711
5.83109,-0.84133,-2.52711
5.83109,-0.84133,-2.52711
5.83109,-0.84133,-2.52711
5.83109,-0.84133,-2.52711
5.83109,-0.84133,-2.52711
5.83109,-0.84133,-2.52711
5.83109,-0.84133,-2.52711
5.83109,-0.84133,-2.52711
5.83109,-0.84133,-2.52711
5.83109,-0.84133,-2.52711
5.83109,-0.84133,-2.52711
5.83109,-0.84133,-2.52711
5.83109,-0.84133,-2.52711
5.83109,-0.84133,-2.52711
5.83109,-0.84133,-2.52711
5.83109,-0.84133,-2.52711
5.83109,-0.84133,-2.52711
5.83109,-0.84133,-2.52711
5.83109,-0.84133,-2.52711
5.83109,-0.84133,-2.52711
5.83109,-0.84133,-2.52711
5.83109,-0.84133,-2.52711
5.83109,-0.84133,-2.52711
5.83109,-0.84133,-2.52711
5.83109,-0.84133,-2.52711
5.83109,-0.84133,-2.52711
5.83109,-0.84133,-2.52711
5.83109,-0.84133,-2.52711
5.83109,-0.84133,-2.52711
5.83109,-0.84133,-2.52711
5.83109,-0.84133,-2.52711
5.83109,-0.84133,-2.52711
5.83109,-0.84133,-2.52711
5.83109,-0.84133,-2.52711
5.83109,-0.84133,-2.52711
5.83109,-0.84133,-2.52711
5.83109,-0.84133,-2.52711
5.83109,-0.84133,-2.52711
5.83109,-0.84133,-2.52711
5.83109,-0.84133,-2.52711
5.83109,-0.84133,-2.52711
5.83109,-0.84133,-2.52711
5.83109,-0.84133,-2.52711
5.83109,-0.84133,-2.52711
5.83109,-0.84133,-2.52711
5.83109,-0.84133,-2.52711
5.83109,-0.84133,-2.52711
5.83109,-0.84133,-2.52711
5.83109,-0.84133,-2.52711
5.83109,-0.84133,-2.52711
5.83109,-0.84133,-2.52711
5.83109,-0.84133,-2.52711
5.83109,-0.84133,-2.52711
5.83109,-0.84133,-2.52711
5.83109,-0.84133,-2.52711
5.83109,-0.84133,-2.52711
5.83109,-0.84133,-2.52711
5.83109,-0.84133,-2.52711
5.83109,-0.84133,-2.52711
5.83109,-0.84133,-2.52711
5.83109,-0.84133,-2.52711
5.83109,-0.84133,-2.52711
5.83109,-0.84133,-2.52711
5.83109,-0.84133,-2.52711
5.83109,-0.84133,-2.52711
5.83109,-0.84133,-2.52711
5.83109,-0.84133,-2.52711
5.83109,-0.84133,-2.52711
5.83109,-0.84133,-2.52711
5.83109,-0.84133,-2.52711
5.83109,-0.84133,-2.52711
5.83109,-0.84133,-2.52711
5.83109,-0.84133,-2.52711
5.83109,-0.84133,-2.52711
5.83109,-0.84133,-2.52711
5.83109,-0.84133,-2.52711
5.83109,-0.84133,-2.52711
5.83109,-0.84133,-2.52711
5.83109,-0.84133,-2.52711
5.83109,-0.84133,-2.52711
5.83109,-0.84133,-2.52711
5.83109,-0.84133,-2.52711
5.83109,-0.84133,-2.52711
5.83109,-0.84133,-2.52711
5.83109,-0.84133,-2.52711
5.83109,-0.84133,-2.52711
5.83109,-0.84133,-2.52711
5.83109,-0.84133,-2.52711
5.83109,-0.84133,-2.52711
5.83109,-0.84133,-2.52711
5.83109,-0.84133,-2.52711
5.83109,-0.84133,-2.52711
5.83109,-0.84133,-2.52711
5.83109,-0.84133,-2.52711
5.83109,-0.84133,-2.52711
5.83109,-0.84133,-2.52711
5.83109,-0.84133,-2.52711
5.83109,-0.84133,-2.52711
5.83109,-0.84133,-2.52711
5.83109,-0.84133,-2.52711
5.83109,-0.84133,-2.52711
5.83109,-0.84133,-2.52711
5.83109,-0.84133,-2.52711
5.83109,-0.84133,-2.52711
5.83109,-0.84133,-2.52711
5.83109,-0.84133,-2.52711
5.83109,-0.84133,-2.52711
5.83109,-0.84133,-2.52711
5.83109,-0.84133,-2.52711
5.83109,-0.84133,-2.52711
5.83109,-0.84133,-2.52711
5.83109,-0.84133,-2.52711
5.83109,-0.84133,-2.52711
5.83109,-0.84133,-2.52711
5.83109,-0.84133,-2.52711
5.83109,-0.84133,-2.52711
5.83109,-0.84133,-2.52711
5.83109,-0.84133,-2.52711
5.83109,-0.84133,-2.52711
5.83109,-0.84133,-2.52711
5.83109,-0.84133,-2.52711
5.83109,-0.84133,-2.52711
5.83109,-0.84133,-2.52711
5.83109,-0.84133,-2.52711
5.83109,-0.84133,-2.52711
5.83109,-0.84133,-2.52711
5.83109,-0.84133,-2.52711
5.83109,-0.84133,-2.52711
5.83109,-0.84133,-2.52711
5.83109,-0.84133,-2.52711
5.83109,-0.84133,-2.52711
5.83109,-0.84133,-2.52711
5.83109,-0.84133,-2.52711
5.83109,-0.84133,-2.52711
5.83109,-0.84133,-2.52711
5.83109,-0.84133,-2.52711
5.83109,-0.84133,-2.52711
5.83109,-0.84133,-2.52711
5.83109,-0.84133,-2.52711
5.83109,-0.84133,-2.52711
5.83109,-0.84133,-2.52711
5.83109,-0.84133,-2.52711
5.83109,-0.84133,-2.52711
5.83109,-0.84133,-2.52711
5.83109,-0.84133,-2.52711
5.83109,-0.84133,-2.52711
5.83109,-0.84133,-2.52711
5.83109,-0.84133,-2.52711
5.83109,-0.84133,-2.52711
5.83109,-0.84133,-2.52711
5.83109,-0.84133,-2.52711
5.83109,-0.84133,-2.52711
5.83109,-0.84133,-2.52711
5.83109,-0.84133,-2.52711
5.83109,-0.84133,-2.52711
5.83109,-0.84133,-2.52711
5.83109,-0.84133,-2.52711
5.83109,-0.84133,-2.52711
5.83109,-0.84133,-2.52711
5.83109,-0.84133,-2.52711
5.83109,-0.84133,-2.52711
5.83109,-0.84133,-2.52711
5.83109,-0.84133,-2.52711
5.83109,-0.84133,-2.52711
5.83109,-0.84133,-2.52711
5.83109,-0.84133,-2.52711
5.83109,-0.84133,-2.52711
5.83109,-0.84133,-2.52711
5.83109,-0.84133,-2.52711
5.83109,-0.84133,-2.52711
5.83109,-0.84133,-2.52711
5.83109,-0.84133,-2.52711
5.83109,-0.84133,-2.52711
5.83109,-0.84133,-2.52711
5.83109,-0.84133,-2.52711
5.83109,-0.84133,-2.52711
5.83109,-0.84133,-2.52711
5.83109,-0.84133,-2.52711
5.83109,-0.84133,-2.52711
5.83109,-0.84133,-2.52711
5.83109,-0.84133,-2.52711
5.83109,-0.84133,-2.52711
5.83109,-0.84133,-2.52711
5.83109,-0.84133,-2.52711
5.83109,-0.84133,-2.52711
5.83109,-0.84133,-2.52711
5.83109,-0.84133,-2.52711
5.83109,-0.84133,-2.52711
5.83109,-0.84133,-2.52711
5.83109,-0.84133,-2.52711
5.83109,-0.84133,-2.52711
5.83109,-0.84133,-2.52711
5.83109,-0.84133,-2.52711
5.83109,-0.84133,-2.52711
5.83109,-0.84133,-2.52711
5.83109,-0.84133,-2.52711
5.83109,-0.84133,-2.52711
5.83109,-0.84133,-2.52711
5.83109,-0.84133,-2.50981
5.83109,-0.84133,-2.50981
5.83109,-0.84133,-2.50981
5.83109,-0.84133,-2.50981
5.83109,-0.84133,-2.50981
5.83109,-0.84133,-2.50981
5.83109,-0.84133,-2.50981
5.83109,-0.84133,-2.50981
5.83109,-0.84133,-2.50981
5.83109,-0.84133,-2.50981
5.83109,-0.84133,-2.50981
5.83109,-0.84133,-2.50981
5.83109,-0.84133,-2.50981
5.83109,-0.84133,-2.50981
5.83109,-0.84133,-2.50981
5.83109,-0.84133,-2.50981
5.83109,-0.84133,-2.50981
5.83109,-0.84133,-2.50981
5.83109,-0.84133,-2.50981
5.83109,-0.84133,-2.50981
5.83109,-0.84133,-2.50981
5.83109,-0.84133,-2.50981
5.83109,-0.84133,-2.50981
5.83109,-0.84133,-2.50981
5.83109,-0.84133,-2.50981
5.83109,-0.84133,-2.50981
5.83109,-0.84133,-2.50981
5.83109,-0.84133,-2.50981
5.83109,-0.84133,-2.50981
5.83109,-0.84133,-2.50981
5.83109,-0.84133,-2.50981
5.83109,-0.84133,-2.50981
5.83109,-0.84133,-2.50981
5.83109,-0.84133,-2.50981
5.83109,-0.84133,-2.50981
5.83109,-0.84133,-2.50981
5.83109,-0.84133,-2.50981
5.83109,-0.84133,-2.50981
5.83109,-0.84133,-2.50981
5.83109,-0.84133,-2.50981
5.83109,-0.84133,-2.50981
5.83109,-0.84133,-2.50981
5.83109,-0.84133,-2.50981
5.83109,-0.84133,-2.50981
5.83109,-0.84133,-2.50981
5.83109,-0.84133,-2.50981
5.83109,-0.84133,-2.50981
5.83109,-0.84133,-2.50981
5.83109,-0.84133,-2.50981
5.83109,-0.84133,-2.50981
5.83109,-0.84133,-2.50981
5.83109,-0.84133,-2.50981
5.83109,-0.84133,-2.50981
5.83109,-0.84133,-2.50981
5.83109,-0.84133,-2.50981
5.83109,-0.84133,-2.50981
5.83109,-0.84133,-2.50981
5.83109,-0.84133,-2.50981
5.83109,-0.84133,-2.50981
5.83109,-0.84133,-2.50981
5.83109,-0.84133,-2.50981
5.83109,-0.84133,-2.50981
5.83109,-0.84133,-2.50981
5.83109,-0.84133,-2.50981
5.83109,-0.84133,-2.50981
5.83109,-0.84133,-2.50981
5.83109,-0.84133,-2.50981
5.83109,-0.84133,-2.50981
5.83109,-0.84133,-2.50981
5.83109,-0.84133,-2.50981
5.83109,-0.84133,-2.50981
5.83109,-0.84133,-2.50981
5.83109,-0.84133,-2.50981
5.83109,-0.84133,-2.50981
5.83109,-0.84133,-2.50981
5.83109,-0.84133,-2.50981
5.83109,-0.84133,-2.50981
5.83109,-0.84133,-2.50981
5.83109,-0.84133,-2.50981
5.83109,-0.84133,-2.50981
5.83109,-0.84133,-2.50981
5.83109,-0.84133,-2.50981
5.83109,-0.84133,-2.50981
5.83109,-0.84133,-2.50981
5.83109,-0.84133,-2.50981
5.83109,-0.84133,-2.50981
5.83109,-0.84133,-2.50981
5.83109,-0.84133,-2.50981
5.83109,-0.84133,-2.50981
5.83109,-0.84133,-2.50981
5.83109,-0.84133,-2.50981
5.83109,-0.84133,-2.50981
5.83109,-0.84133,-2.50981
5.83109,-0.84133,-2.50981
5.83109,-0.84133,-2.50981
5.83109,-0.84133,-2.50981
5.83109,-0.84133,-2.50981
5.83109,-0.84133,-2.50981
5.83109,-0.84133,-2.50981
5.83109,-0.84133,-2.50981
5.83109,-0.84133,-2.50981
5.83109,-0.84133,-2.50981
5.83109,-0.84133,-2.50981
5.83109,-0.84133,-2.50981
5.83109,-0.84133,-2.50981
5.83109,-0.84133,-2.50981
5.83109,-0.84133,-2.50981
5.83109,-0.84133,-2.50981
5.83109,-0.84133,-2.50981
5.83109,-0.84133,-2.50981
5.83109,-0.84133,-2.50981
5.83109,-0.84133,-2.50981
5.83109,-0.84133,-2.50981
5.83109,-0.84133,-2.50981
5.83109,-0.84133,-2.50981
5.83109,-0.84133,-2.50981
5.83109,-0.84133,-2.50981
5.83109,-0.84133,-2.50981
5.83109,-0.84133,-2.50981
5.83109,-0.84133,-2.50981
5.83109,-0.84133,-2.50981
5.83109,-0.84133,-2.50981
5.83109,-0.84133,-2.50981
5.83109,-0.84133,-2.50981
5.83109,-0.84133,-2.50981
5.83109,-0.84133,-2.50981
5.83109,-0.84133,-2.50981
5.83109,-0.84133,-2.50981
5.83109,-0.84133,-2.50981
5.83109,-0.84133,-2.50981
5.83109,-0.84133,-2.50981
5.83109,-0.84133,-2.50981
5.83109,-0.84133,-2.50981
5.83109,-0.84133,-2.50981
5.83109,-0.84133,-2.50981
5.83109,-0.84133,-2.50981
5.83109,-0.84133,-2.50981
5.83109,-0.84133,-2.50981
5.83109,-0.84133,-2.50981
5.83109,-0.84133,-2.50981
5.83109,-0.84133,-2.50981
5.83109,-0.84133,-2.50981
5.83109,-0.84133,-2.50981
5.83109,-0.84133,-2.50981
5.83109,-0.84133,-2.50981
5.83109,-0.84133,-2.50981
5.83109,-0.84133,-2.50981
5.83109,-0.84133,-2.50981
5.83109,-0.84133,-2.50981
5.83109,-0.84133,-2.50981
5.83109,-0.84133,-2.50981
5.83109,-0.84133,-2.50981
5.83109,-0.84133,-2.50981
5.83109,-0.84133,-2.50981
5.83109,-0.84133,-2.50981
5.83109,-0.84133,-2.50981
5.83109,-0.84133,-2.50981
5.83109,-0.84133,-2.50981
5.83109,-0.84133,-2.50981
5.83109,-0.84133,-2.50981
5.83109,-0.84133,-2.50981
5.83109,-0.84133,-2.50981
5.83109,-0.84133,-2.50981
5.83109,-0.84133,-2.50981
5.83109,-0.84133,-2.50981
5.83109,-0.84133,-2.50981
5.83109,-0.84133,-2.50981
5.83109,-0.84133,-2.50981
5.83109,-0.84133,-2.50981
5.83109,-0.84133,-2.50981
5.83109,-0.84133,-2.50981
5.83109,-0.84133,-2.50981
5.83109,-0.84133,-2.50981
5.83109,-0.84133,-2.50981
5.83109,-0.84133,-2.50981
5.83109,-0.84133,-2.50981
5.83109,-0.84133,-2.50981
5.83109,-0.84133,-2.50981
5.83109,-0.84133,-2.50981
5.83109,-0.84133,-2.50981
5.83109,-0.84133,-2.50981
5.83109,-0.84133,-2.50981
5.83109,-0.84133,-2.50981
5.83109,-0.84133,-2.50981
5.83109,-0.84133,-2.50981
5.83109,-0.84133,-2.50981
5.83109,-0.84133,-2.50981
5.83109,-0.84133,-2.50981
5.83109,-0.84133,-2.50981
5.83109,-0.84133,-2.50981
5.83109,-0.84133,-2.50981
5.83109,-0.84133,-2.50981
5.83109,-0.84133,-2.50981
5.83109,-0.84133,-2.50981
5.83109,-0.84133,-2.50981
5.83109,-0.84133,-2.50981
5.83109,-0.84133,-2.50981
5.83109,-0.84133,-2.50981
5.83109,-0.84133,-2.50981
5.83109,-0.84133,-2.50981
5.83109,-0.84133,-2.50981
5.83109,-0.84133,-2.50981
5.83109,-0.84133,-2.50981
5.83109,-0.84133,-2.50981
5.83109,-0.84133,-2.50981
5.83109,-0.84133,-2.50981
5.83109,-0.84133,-2.50981
5.83109,-0.84133,-2.50981
5.83109,-0.84133,-2.50981
5.83109,-0.84133,-2.50981
5.83109,-0.84133,-2.50981
5.83109,-0.84133,-2.50981
5.83109,-0.84133,-2.50981
5.83109,-0.84133,-2.50981
5.83109,-0.84133,-2.50981
5.83109,-0.84133,-2.50981
5.83109,-0.84133,-2.50981
5.83109,-0.84133,-2.50981
5.83109,-0.84133,-2.50981
5.83109,-0.84133,-2.50981
5.83109,-0.84133,-2.50981
5.83109,-0.84133,-2.50981
5.83109,-0.84133,-2.50981
5.83109,-0.84133,-2.50981
5.83109,-0.84133,-2.50981
5.83109,-0.84133,-2.50981
5.83109,-0.84133,-2.50981
5.83109,-0.84133,-2.50981
5.83109,-0.84133,-2.50981
5.83109,-0.84133,-2.50981
5.83109,-0.84133,-2.50981
5.83109,-0.84133,-2.50981
5.83109,-0.84133,-2.50981
5.83109,-0.84133,-2.50981
5.83109,-0.84133,-2.50981
5.83109,-0.84133,-2.50981
5.83109,-0.84133,-2.50981
5.83109,-0.84133,-2.50981
5.83109,-0.84133,-2.50981
5.83109,-0.84133,-2.50981
5.83109,-0.84133,-2.50981
5.83109,-0.84133,-2.50981
5.83109,-0.84133,-2.50981
5.83109,-0.84133,-2.50981
5.83109,-0.84133,-2.50981
5.83109,-0.84133,-2.50981
5.83109,-0.84133,-2.50981
5.83109,-0.84133,-2.50981
5.83109,-0.84133,-2.50981
5.83109,-0.84133,-2.50981
5.83109,-0.84133,-2.50981
5.83109,-0.84133,-2.50981
5.83109,-0.84133,-2.50981
5.83109,-0.84133,-2.50981
5.83109,-0.84133,-2.50981
5.83109,-0.84133,-2.50981
5.83109,-0.84133,-2.50981
5.83109,-0.84133,-2.50981
5.83109,-0.84133,-2.50981
5.83109,-0.84133,-2.50981
5.83109,-0.84133,-2.50981
5.83109,-0.84133,-2.50981
5.83109,-0.84133,-2.50981
5.83109,-0.84133,-2.50981
5.83109,-0.84133,-2.50981
5.83109,-0.84133,-2.50981
5.83109,-0.84133,-2.50981
5.83109,-0.84133,-2.50981
5.83109,-0.84133,-2.50981
5.83109,-0.84133,-2.50981
5.83109,-0.84133,-2.50981
5.83109,-0.84133,-2.50981
5.83109,-0.84133,-2.50981
5.83109,-0.84133,-2.50981
5.83109,-0.84133,-2.50981
5.83109,-0.84133,-2.50981
5.83109,-0.84133,-2.50981
5.83109,-0.84133,-2.50981
5.83109,-0.84133,-2.50981
5.83109,-0.84133,-2.50981
5.83109,-0.84133,-2.50981
5.83109,-0.84133,-2.50981
5.83109,-0.84133,-2.50981
5.83109,-0.84133,-2.50981
5.83109,-0.84133,-2.50981
5.83109,-0.84133,-2.50981
5.83109,-0.84133,-2.50981
5.83109,-0.84133,-2.50981
5.83109,-0.84133,-2.50981
5.83109,-0.84133,-2.50981
5.83109,-0.84133,-2.50981
5.83109,-0.84133,-2.50981
5.83109,-0.84133,-2.50981
5.83109,-0.84133,-2.50981
5.83109,-0.84133,-2.50981
5.83109,-0.84133,-2.50981
5.83109,-0.84133,-2.50981
5.83109,-0.84133,-2.50981
5.83109,-0.84133,-2.50981
5.83109,-0.84133,-2.50981
5.83109,-0.84133,-2.50981
5.83109,-0.84133,-2.50981
5.83109,-0.84133,-2.50981
5.83109,-0.84133,-2.50981
5.83109,-0.84133,-2.50981
5.83109,-0.84133,-2.50981
5.83109,-0.84133,-2.50981
5.83109,-0.84133,-2.50981
5.83109,-0.84133,-2.50981
5.83109,-0.84133,-2.50981
5.83109,-0.84133,-2.50981
5.83109,-0.84133,-2.50981
5.83109,-0.84133,-2.50981
5.83109,-0.84133,-2.50981
5.83109,-0.84133,-2.50981
5.83109,-0.84133,-2.50981
5.83109,-0.84133,-2.50981
5.83109,-0.84133,-2.50981
5.83109,-0.84133,-2.50981
5.83109,-0.84133,-2.50981
5.83109,-0.84133,-2.50981
5.83109,-0.84133,-2.50981
5.83109,-0.84133,-2.50981
5.83109,-0.84133,-2.50981
5.83109,-0.84133,-2.50981
5.83109,-0.84133,-2.50981
5.83109,-0.84133,-2.50981
5.83109,-0.84133,-2.50981
5.83109,-0.84133,-2.50981
5.83109,-0.84133,-2.50981
5.83109,-0.84133,-2.50981
5.83109,-0.84133,-2.50981
5.83109,-0.84133,-2.50981
5.83109,-0.84133,-2.50981
5.83109,-0.84133,-2.50981
5.83109,-0.84133,-2.50981
5.83109,-0.84133,-2.50981
5.83109,-0.84133,-2.50981
5.83109,-0.84133,-2.50981
5.83109,-0.84133,-2.50981
5.83109,-0.84133,-2.50981
5.83109,-0.84133,-2.50981
5.83109,-0.84133,-2.50981
5.83109,-0.84133,-2.50981
5.83109,-0.84133,-2.50981
5.83109,-0.84133,-2.50981
5.83109,-0.84133,-2.50981
5.83109,-0.84133,-2.50981
5.83109,-0.84133,-2.50981
5.83109,-0.84133,-2.50981
5.83109,-0.84133,-2.50981
5.83109,-0.84133,-2.50981
5.83109,-0.84133,-2.50981
5.83109,-0.84133,-2.50981
5.83109,-0.84133,-2.50981
5.83109,-0.84133,-2.50981
5.83109,-0.84133,-2.50981
5.83109,-0.84133,-2.50981
5.83109,-0.84133,-2.50981
5.83109,-0.84133,-2.50981
5.83109,-0.84133,-2.50981
5.83109,-0.84133,-2.50981
5.83109,-0.84133,-2.50981
5.83109,-0.84133,-2.50981
5.83109,-0.84133,-2.50981
5.83109,-0.84133,-2.50981
5.83109,-0.84133,-2.50981
5.83109,-0.84133,-2.50981
5.83109,-0.84133,-2.50981
5.83109,-0.84133,-2.50981
5.83109,-0.84133,-2.50981
5.83109,-0.84133,-2.50981
5.83109,-0.84133,-2.50981
5.83109,-0.84133,-2.50981
5.83109,-0.84133,-2.50981
5.83109,-0.84133,-2.50981
5.83109,-0.84133,-2.50981
5.83109,-0.84133,-2.50981
5.83109,-0.84133,-2.50981
5.83109,-0.84133,-2.50981
5.83109,-0.84133,-2.50981
5.83109,-0.84133,-2.50981
5.83109,-0.84133,-2.50981
5.83109,-0.84133,-2.50981
5.83109,-0.84133,-2.50981
5.83109,-0.84133,-2.50981
5.83109,-0.84133,-2.50981
5.83109,-0.84133,-2.50981
5.83109,-0.84133,-2.50981
5.83109,-0.84133,-2.50981
5.83109,-0.84133,-2.50981
5.83109,-0.84133,-2.50981
5.83109,-0.84133,-2.50981
5.83109,-0.84133,-2.50981
5.83109,-0.84133,-2.50981
5.83109,-0.84133,-2.50981
5.83109,-0.84133,-2.50981
5.83109,-0.84133,-2.50981
5.83109,-0.84133,-2.50981
5.83109,-0.84133,-2.50981
5.83109,-0.84133,-2.50981
5.83109,-0.84133,-2.50981
5.83109,-0.84133,-2.50981
5.83109,-0.84133,-2.50981
5.83109,-0.84133,-2.50981
5.83109,-0.84133,-2.50981
5.83109,-0.84133,-2.50981
5.83109,-0.84133,-2.50981
5.83109,-0.84133,-2.50981
5.83109,-0.84133,-2.50981
5.83109,-0.84133,-2.50981
5.83109,-0.84133,-2.50981
5.83109,-0.84133,-2.50981
5.83109,-0.84133,-2.50981
5.83109,-0.84133,-2.50981
5.83109,-0.84133,-2.50981
5.83109,-0.84133,-2.50981
5.83109,-0.84133,-2.50981
5.83109,-0.84133,-2.50981
5.83109,-0.84133,-2.50981
5.83109,-0.84133,-2.50981
5.83109,-0.84133,-2.50981
5.83109,-0.84133,-2.50981
5.83109,-0.84133,-2.50981
5.83109,-0.84133,-2.50981
5.83109,-0.84133,-2.50981
5.83109,-0.84133,-2.50981
5.83109,-0.84133,-2.50981
5.83109,-0.84133,-2.50981
5.83109,-0.84133,-2.50981
5.83109,-0.84133,-2.50981
5.83109,-0.84133,-2.50981
5.83109,-0.84133,-2.50981
5.83109,-0.84133,-2.50981
5.83109,-0.84133,-2.50981
5.83109,-0.84133,-2.50981
5.83109,-0.84133,-2.50981
5.83109,-0.84133,-2.50981
5.83109,-0.84133,-2.50981
5.83109,-0.84133,-2.50981
5.83109,-0.84133,-2.50981
5.83109,-0.84133,-2.50981
5.83109,-0.84133,-2.50981
5.83109,-0.84133,-2.50981
5.83109,-0.84133,-2.50981
5.83109,-0.84133,-2.50981
5.83109,-0.84133,-2.50981
5.83109,-0.84133,-2.50981
5.83109,-0.84133,-2.50981
5.83109,-0.84133,-2.50981
5.83109,-0.84133,-2.50981
5.83109,-0.84133,-2.50981
5.83109,-0.84133,-2.50981
5.83109,-0.84133,-2.50981
5.83109,-0.84133,-2.50981
5.83109,-0.84133,-2.50981
5.83109,-0.84133,-2.50981
5.83109,-0.84133,-2.50981
5.83109,-0.84133,-2.50981
5.83109,-0.84133,-2.50981
5.83109,-0.84133,-2.50981
5.83109,-0.84133,-2.50981
5.83109,-0.84133,-2.50981
5.83109,-0.84133,-2.50981
5.83109,-0.84133,-2.50981
5.83109,-0.84133,-2.50981
5.83109,-0.84133,-2.50981
5.83109,-0.84133,-2.50981
5.83109,-0.84133,-2.50981
5.83109,-0.84133,-2.50981
5.83109,-0.84133,-2.50981
5.83109,-0.84133,-2.50981
5.83109,-0.84133,-2.50981
5.83109,-0.84133,-2.50981
5.83109,-0.84133,-2.50981
5.83109,-0.84133,-2.50981
5.83109,-0.84133,-2.50981
5.83109,-0.84133,-2.50981
5.83109,-0.84133,-2.50981
5.83109,-0.84133,-2.50981
5.83109,-0.84133,-2.50981
5.83109,-0.84133,-2.50981
5.83109,-0.84133,-2.50981
5.83109,-0.84133,-2.50981
5.83109,-0.84133,-2.50981
5.83109,-0.84133,-2.50981
5.83109,-0.84133,-2.50981
5.83109,-0.84133,-2.50981
5.83109,-0.84133,-2.50981
5.83109,-0.84133,-2.50981
5.83109,-0.84133,-2.50981
5.83109,-0.84133,-2.50981
5.83109,-0.84133,-2.50981
5.83109,-0.84133,-2.50981
5.83109,-0.84133,-2.50981
5.83109,-0.84133,-2.50981
5.83109,-0.84133,-2.50981
5.83109,-0.84133,-2.50981
5.83109,-0.84133,-2.50981
5.83109,-0.84133,-2.50981
5.83109,-0.84133,-2.50981
5.83109,-0.84133,-2.50981
5.83109,-0.84133,-2.50981
5.83109,-0.84133,-2.50981
5.83109,-0.84133,-2.50981
5.83109,-0.84133,-2.50981
5.83109,-0.84133,-2.50981
5.83109,-0.84133,-2.50981
5.83109,-0.84133,-2.50981
5.83109,-0.84133,-2.50981
5.83109,-0.84133,-2.50981
5.83109,-0.84133,-2.50981
5.83109,-0.84133,-2.50981
5.83109,-0.84133,-2.50981
5.83109,-0.84133,-2.50981
5.83109,-0.84133,-2.50981
5.83109,-0.84133,-2.50981
5.83109,-0.84133,-2.50981
5.83109,-0.84133,-2.50981
5.83109,-0.84133,-2.50981
5.83109,-0.84133,-2.50981
5.83109,-0.84133,-2.50981
5.83109,-0.84133,-2.50981
5.83109,-0.84133,-2.50981
5.83109,-0.84133,-2.50981
5.83109,-0.84133,-2.50981
5.83109,-0.84133,-2.50981
5.83109,-0.84133,-2.50981
5.83109,-0.84133,-2.50981
5.83109,-0.84133,-2.50981
5.83109,-0.84133,-2.50981
5.83109,-0.84133,-2.50981
5.83109,-0.84133,-2.50981
5.83109,-0.84133,-2.50981
5.83109,-0.84133,-2.50981
5.83109,-0.84133,-2.50981
5.83109,-0.84133,-2.50981
5.83109,-0.84133,-2.50981
5.83109,-0.84133,-2.50981
5.83109,-0.84133,-2.50981
5.83109,-0.84133,-2.50981
5.83109,-0.84133,-2.50981
5.83109,-0.84133,-2.50981
5.83109,-0.84133,-2.50981
5.83109,-0.84133,-2.50981
5.83109,-0.84133,-2.50981
5.83109,-0.84133,-2.50981
5.83109,-0.84133,-2.50981
5.83109,-0.84133,-2.50981
5.83109,-0.84133,-2.50981
5.83109,-0.84133,-2.50981
5.83109,-0.84133,-2.50981
5.83109,-0.84133,-2.50981
5.83109,-0.84133,-2.50981
5.83109,-0.84133,-2.50981
5.83109,-0.84133,-2.50981
5.83109,-0.84133,-2.50981
5.83109,-0.84133,-2.50981
5.83109,-0.84133,-2.50981
5.83109,-0.84133,-2.50981
5.83109,-0.84133,-2.50981
5.83109,-0.84133,-2.50981
5.83109,-0.84133,-2.50981
5.83109,-0.84133,-2.50981
5.83109,-0.84133,-2.50981
5.83109,-0.84133,-2.50981
5.83109,-0.84133,-2.50981
5.83109,-0.84133,-2.50981
5.83109,-0.84133,-2.50981
5.83109,-0.84133,-2.50981
5.83109,-0.84133,-2.50981
5.83109,-0.84133,-2.50981
5.83109,-0.84133,-2.50981
5.83109,-0.84133,-2.50981
5.83109,-0.84133,-2.50981
5.83109,-0.84133,-2.50981
5.83109,-0.84133,-2.50981
5.83109,-0.84133,-2.50981
5.83109,-0.84133,-2.50981
5.83109,-0.84133,-2.50981
5.83109,-0.84133,-2.50981
5.83109,-0.84133,-2.50981
5.83109,-0.84133,-2.50981
5.83109,-0.84133,-2.50981
5.83109,-0.84133,-2.50981
5.83109,-0.84133,-2.50981
5.83109,-0.84133,-2.50981
5.83109,-0.84133,-2.50981
5.83109,-0.84133,-2.50981
5.83109,-0.84133,-2.50981
5.83109,-0.84133,-2.50981
5.83109,-0.84133,-2.50981
5.83109,-0.84133,-2.50981
5.83109,-0.84133,-2.50981
5.83109,-0.84133,-2.50981
5.83109,-0.84133,-2.50981
5.83109,-0.84133,-2.50981
5.83109,-0.84133,-2.50981
5.83109,-0.84133,-2.50981
5.83109,-0.84133,-2.50981
5.83109,-0.84133,-2.50981
5.83109,-0.84133,-2.50981
5.83109,-0.84133,-2.50981
5.83109,-0.84133,-2.50981
5.83109,-0.84133,-2.50981
5.83109,-0.84133,-2.50981
5.83109,-0.84133,-2.50981
5.83109,-0.84133,-2.50981
5.83109,-0.84133,-2.50981
5.83109,-0.84133,-2.50981
5.83109,-0.84133,-2.50981
5.83109,-0.84133,-2.50981
5.83109,-0.84133,-2.50981
5.83109,-0.84133,-2.50981
5.83109,-0.84133,-2.50981
5.83109,-0.84133,-2.50981
5.83109,-0.84133,-2.50981
5.83109,-0.84133,-2.50981
5.83109,-0.84133,-2.50981
5.83109,-0.84133,-2.50981
5.83109,-0.84133,-2.50981
5.83109,-0.84133,-2.50981
5.83109,-0.84133,-2.50981
5.83109,-0.84133,-2.50981
5.83109,-0.84133,-2.50981
5.83109,-0.84133,-2.50981
5.83109,-0.84133,-2.50981
5.83109,-0.84133,-2.50981
5.83109,-0.84133,-2.50981
5.83109,-0.84133,-2.50981
5.83109,-0.84133,-2.50981
5.83109,-0.84133,-2.50981
5.83109,-0.84133,-2.50981
5.83109,-0.84133,-2.50981
5.83109,-0.84133,-2.50981
5.83109,-0.84133,-2.50981
5.83109,-0.84133,-2.50981
5.83109,-0.84133,-2.50981
5.83109,-0.84133,-2.50981
5.83109,-0.84133,-2.50981
5.83109,-0.84133,-2.50981
5.83109,-0.84133,-2.50981
5.83109,-0.84133,-2.50981
5.83109,-0.84133,-2.50981
5.83109,-0.84133,-2.50981
5.83109,-0.84133,-2.50981
5.83109,-0.84133,-2.50981
5.83109,-0.84133,-2.50981
5.83109,-0.84133,-2.50981
5.83109,-0.84133,-2.50981
5.83109,-0.84133,-2.50981
5.83109,-0.84133,-2.50981
5.83109,-0.84133,-2.50981
5.83109,-0.84133,-2.50981
5.83109,-0.84133,-2.50981
5.83109,-0.84133,-2.50981
5.83109,-0.84133,-2.50981
5.83109,-0.84133,-2.50981
5.83109,-0.84133,-2.50981
5.83109,-0.84133,-2.50981
5.83109,-0.84133,-2.50981
5.83109,-0.84133,-2.50981
5.83109,-0.84133,-2.50981
5.83109,-0.84133,-2.50981
5.83109,-0.84133,-2.50981
5.83109,-0.84133,-2.50981
5.83109,-0.84133,-2.50981
5.83109,-0.84133,-2.50981
5.83109,-0.84133,-2.50981
5.83109,-0.84133,-2.50981
5.83109,-0.84133,-2.50981
5.83109,-0.84133,-2.50981
5.83109,-0.84133,-2.50981
5.83109,-0.84133,-2.50981
5.83109,-0.84133,-2.50981
5.83109,-0.84133,-2.50981
5.83109,-0.84133,-2.50981
5.83109,-0.84133,-2.50981
5.83109,-0.84133,-2.50981
5.83109,-0.84133,-2.50981
5.83109,-0.84133,-2.50981
5.83109,-0.84133,-2.50981
5.83109,-0.84133,-2.50981
5.83109,-0.84133,-2.50981
5.83109,-0.84133,-2.50981
5.83109,-0.84133,-2.50981
5.83109,-0.84133,-2.50981
5.83109,-0.84133,-2.50981
5.83109,-0.84133,-2.50981
5.83109,-0.84133,-2.50981
5.83109,-0.84133,-2.50981
5.83109,-0.84133,-2.50981
5.83109,-0.84133,-2.50981
5.83109,-0.84133,-2.50981
5.83109,-0.84133,-2.50981
5.83109,-0.84133,-2.50981
5.83109,-0.84133,-2.50981
5.83109,-0.84133,-2.50981
5.83109,-0.84133,-2.50981
5.83109,-0.84133,-2.50981
5.83109,-0.84133,-2.50981
5.83109,-0.84133,-2.50981
5.83109,-0.84133,-2.50981
5.83109,-0.84133,-2.50981
5.83109,-0.84133,-2.50981
5.83109,-0.84133,-2.50981
5.83109,-0.84133,-2.50981
5.83109,-0.84133,-2.50981
5.83109,-0.84133,-2.50981
5.83109,-0.84133,-2.50981
5.83109,-0.84133,-2.50981
5.83109,-0.84133,-2.50981
5.83109,-0.84133,-2.50981
5.83109,-0.84133,-2.50981
5.83109,-0.84133,-2.50981
5.83109,-0.84133,-2.50981
5.83109,-0.84133,-2.50981
5.83109,-0.84133,-2.50981
5.83109,-0.84133,-2.50981
5.83109,-0.84133,-2.50981
5.83109,-0.84133,-2.50981
5.83109,-0.84133,-2.50981
5.83109,-0.84133,-2.50981
5.83109,-0.84133,-2.50981
5.83109,-0.84133,-2.50981
5.83109,-0.84133,-2.50981
5.83109,-0.84133,-2.50981
5.83109,-0.84133,-2.50981
5.83109,-0.84133,-2.50981
5.83109,-0.84133,-2.50981
5.83109,-0.84133,-2.50981
5.83109,-0.84133,-2.50981
5.83109,-0.84133,-2.50981
5.83109,-0.84133,-2.50981
5.83109,-0.84133,-2.50981
5.83109,-0.84133,-2.50981
5.83109,-0.84133,-2.50981
5.83109,-0.84133,-2.50981
5.83109,-0.84133,-2.50981
5.83109,-0.84133,-2.50981
5.83109,-0.84133,-2.50981
5.83109,-0.84133,-2.50981
5.83109,-0.84133,-2.50981
5.83109,-0.84133,-2.50981
5.83109,-0.84133,-2.50981
5.83109,-0.84133,-2.50981
5.83109,-0.84133,-2.50981
5.83109,-0.84133,-2.50981
5.83109,-0.84133,-2.50981
5.83109,-0.84133,-2.50981
5.83109,-0.84133,-2.50981
5.83109,-0.84133,-2.50981
5.83109,-0.84133,-2.50981
5.83109,-0.84133,-2.50981
5.83109,-0.84133,-2.50981
5.83109,-0.84133,-2.50981
5.83109,-0.84133,-2.50981
5.83109,-0.84133,-2.50981
5.83109,-0.84133,-2.50981
5.83109,-0.84133,-2.50981
5.83109,-0.84133,-2.50981
5.83109,-0.84133,-2.50981
5.83109,-0.84133,-2.50981
5.83109,-0.84133,-2.50981
5.83109,-0.84133,-2.50981
5.83109,-0.84133,-2.50981
5.83109,-0.84133,-2.50981
5.83109,-0.84133,-2.50981
5.83109,-0.84133,-2.50981
5.83109,-0.84133,-2.50981
5.83109,-0.84133,-2.50981
5.83109,-0.84133,-2.50981
5.83109,-0.84133,-2.50981
5.83109,-0.84133,-2.50981
5.83109,-0.84133,-2.50981
5.83109,-0.84133,-2.50981
5.83109,-0.84133,-2.50981
5.83109,-0.84133,-2.50981
5.83109,-0.84133,-2.50981
5.83109,-0.84133,-2.50981
5.83109,-0.84133,-2.50981
5.83109,-0.84133,-2.50981
5.83109,-0.84133,-2.50981
5.83109,-0.84133,-2.50981
5.83109,-0.84133,-2.50981
5.83109,-0.84133,-2.50981
5.83109,-0.84133,-2.50981
5.83109,-0.84133,-2.50981
5.83109,-0.84133,-2.50981
5.83109,-0.84133,-2.50981
5.83109,-0.84133,-2.50981
5.83109,-0.84133,-2.50981
5.83109,-0.84133,-2.50981
5.83109,-0.84133,-2.50981
5.83109,-0.84133,-2.50981
5.83109,-0.84133,-2.50981
5.83109,-0.84133,-2.50981
5.83109,-0.84133,-2.50981
5.83109,-0.84133,-2.50981
5.83109,-0.84133,-2.50981
5.83109,-0.84133,-2.50981
5.83109,-0.84133,-2.50981
5.83109,-0.84133,-2.50981
5.83109,-0.84133,-2.50981
5.84765,-0.83012,-2.48462
