,0,1,2,3,4,5,6,7,8,9,10,11,12,13,14,15,16,17,y_pred
145,0.0,0.0,0.0,0.0,0.0,0.0,0.0,0.0,0.25133,0.0,0.0,0.0,0.0,0.0,0.0,0.0,0.0,0.0,0.4946548
4233,0.0,0.0,0.0,0.0,0.0,0.0,0.0,0.0,0.0,0.0,0.0,0.0,0.62029,0.0,0.0,0.0,0.0,1.0,0.8280552
4505,0.0,0.0,0.0,0.0,0.0,0.0,0.0,0.0,0.0,0.0,0.0,0.0,0.0,0.0,0.0,0.31662,0.0,0.0,0.35145372
2613,0.78937,0.0,0.0,0.0,0.0,0.0,0.0,0.0,0.0,0.0,0.0,0.0,0.0,0.0,0.0,0.0,0.0,1.0,0.60700864
2197,0.0,0.0,0.0,0.0,0.0,0.0,0.0,0.9186,0.27605,0.0,0.0,0.0,0.0,0.0,0.0,0.0,0.0,0.0,0.577933
981,0.0,0.0,0.0,0.0,0.0,0.0,0.0,0.0,0.0,0.0,0.0,0.0,0.0,0.3823,0.0,0.0,0.0,1.0,0.6868721
330,0.0,0.0,0.0,0.0,0.0,0.0,0.0,0.25131,0.0,0.0,0.0,0.0,0.0,0.0,0.0,0.0,0.0,0.0,0.46648213
3484,0.0,0.0,0.0,0.0,0.0,0.49002,0.0,0.0,0.0,0.69477,0.0,0.0,0.0,0.0,0.0,0.0,0.0,0.0,0.3333172
1530,0.0,0.0,0.0,0.0,0.0,0.81432,0.0,0.0,0.0,0.0,0.6481,0.0,0.0,0.0,0.0,0.0,0.0,0.0,0.22926678
1147,0.89407,0.0,0.0,0.0,0.0,0.0,0.0,0.0,0.0,0.0,0.0,0.0,0.0,0.0,0.0,0.0,0.0,0.0,0.6262072
3316,0.0,0.0,0.0,0.0,0.0,0.0,0.0,0.0,0.0,0.0,0.0,0.0,0.0,0.84879,0.0,0.0,0.0,1.0,0.89406866
4209,0.0,0.0,0.0,0.0,0.0,0.0,0.0,0.0,0.92674,0.0,0.0,0.0,0.0,0.0,0.0,0.0,0.0,0.0,0.5252747
2065,0.0,0.0,0.0,0.0,0.0,0.70165,0.0,0.0,0.0,0.0,0.0,0.0,0.0,0.0,0.0,0.0,0.0,0.0,0.1209847
4191,0.0,0.0,0.0,0.0,0.0,0.0,0.0,0.63368,0.0,0.0,0.0,0.0,0.0,0.0,0.0,0.0,0.0,1.0,0.5051565
147,0.0,0.75198,0.0,0.0,0.0,0.0,0.0,0.0,0.0,0.0,0.0,0.0,0.0,0.0,0.0,0.0,0.0,0.0,0.6114286
1315,0.0,0.0,0.0,0.0,0.0,0.0,0.0,0.0,0.0,0.0,0.0,0.0,0.0,0.36128,0.0,0.0,0.0,1.0,0.6779122
603,0.0,0.0,0.0,0.0,0.0,0.0,0.0,0.0,0.0,0.0,0.0,0.93627,0.0,0.48027,0.0,0.0,0.0,0.0,0.45074537
2997,0.0,0.0,0.0,0.0,0.0,0.0,0.0,0.5707,0.87417,0.0,0.0,0.0,0.0,0.0,0.0,0.0,0.0,0.0,0.5350372
1920,0.0,0.0,0.0,0.0,0.0,0.0,0.0,0.0,0.0,0.0,0.0,0.0,0.0,0.0,0.0,0.90993,0.0,0.0,0.12486702
259,0.0,0.0,0.0,0.0,0.0,0.0,0.0,0.0,0.0,0.0,0.0,0.0,0.47544,0.0,0.0,0.0,0.0,1.0,0.7492005
645,0.0,0.0,0.0,0.0,0.0,0.0,0.0,0.0,0.0,0.60628,0.50081,0.0,0.92967,0.0,0.0,0.0,0.0,1.0,0.84785837
1210,0.0,0.0,0.0,0.0,0.0,0.0,0.0,0.73524,0.0,0.0,0.0,0.0,0.0,0.0,0.0,0.0,0.0,1.0,0.5249345
4753,0.0,0.0,0.0,0.0,0.0,0.0,0.0,0.0,0.0,0.0,0.51424,0.51424,0.79502,0.0,0.0,0.0,0.0,0.0,0.6764117
2787,0.0,0.0,0.0,0.0,0.0,0.0,0.0,0.0,0.0,0.87585,0.0,0.0,0.0,0.0,0.0,0.0,0.0,0.0,0.5256702
2365,0.0,0.0,0.0,0.0,0.0,0.0,0.0,0.0,0.0,0.0,0.0,0.0,0.0,0.0,0.0,0.8564,0.0,0.0,0.13908796
783,0.0,0.0,0.0,0.0,0.0,0.0,0.0,0.0,0.0,0.0,0.0,0.0,0.81335,0.0,0.0,0.0,0.0,1.0,0.9386568
4497,0.79959,0.0,0.0,0.0,0.0,0.0,0.0,0.0,0.0,0.0,0.0,0.0,0.0,0.0,0.0,0.0,0.0,1.0,0.6088322
4600,0.0,0.0,0.0,0.0,0.0,0.59017,0.0,0.0,0.0,0.0,0.0,0.0,0.0,0.0,0.0,0.0,0.0,0.0,0.1480348
1453,0.0,0.0,0.0,0.0,0.0,0.0,0.0,0.0,0.0,0.0,0.0,0.0,0.0,0.0,0.0,0.93318,0.0,0.0,0.11896166
4694,0.0,0.0,0.0,0.0,0.0,0.0,0.0,0.0,0.0,0.0,0.62186,0.29493,0.51295,0.0,0.0,0.0,0.0,1.0,0.63086
2217,0.0,0.0,0.0,0.0,0.0,0.56865,0.0,0.0,0.0,0.0,0.0,0.0,0.0,0.0,0.0,0.0,0.0,0.0,0.15354808
2642,0.0,0.0,0.0,0.0,0.0,0.0,0.0,0.5667,0.74517,0.0,0.0,0.0,0.0,0.0,0.0,0.0,0.0,0.0,0.5262416
495,0.0,0.0,0.0,0.0,0.0,0.0,0.0,0.54889,0.0,0.0,0.0,0.0,0.0,0.0,0.0,0.0,0.0,0.0,0.48982784
1021,0.0,0.0,0.0,0.0,0.0,0.0,0.83706,0.0,0.0,0.0,0.0,0.0,0.0,0.0,0.0,0.0,0.0,1.0,1.1030107
3200,0.0,0.0,0.0,0.0,0.83711,0.0,0.0,0.0,0.0,0.0,0.0,0.0,0.0,0.0,0.0,0.0,0.0,1.0,0.4180465
2780,0.0,0.0,0.0,0.0,0.0,0.0,0.0,0.32889,0.0,0.0,0.0,0.0,0.0,0.0,0.0,0.0,0.0,0.0,0.46644327
2821,0.0,0.0,0.0,0.0,0.0,0.0,0.0,0.0,0.0,0.0,0.0,0.0,0.0,0.85731,0.0,0.0,0.0,1.0,0.897968
591,0.0,0.0,0.0,0.0,0.0,0.0,0.86218,0.0,0.0,0.0,0.0,0.0,0.0,0.0,0.0,0.0,0.0,1.0,1.1221915
151,0.0,0.0,0.0,0.0,0.0,0.67501,0.0,0.0,0.0,0.0,0.0,0.89231,0.0,0.0,0.0,0.0,0.0,0.0,0.082380995
4788,0.0,0.0,0.0,0.0,0.0,0.87308,0.0,0.0,0.0,0.0,0.0,0.0,0.0,0.0,0.0,0.0,0.0,0.0,0.08478595
2396,0.0,0.0,0.0,0.0,0.0,0.0,0.0,0.29294,0.0,0.0,0.0,0.0,0.0,0.0,0.0,0.0,0.0,0.0,0.46595946
1502,0.0,0.0,0.0,0.0,0.0,0.0,0.0,0.26618,0.0,0.33513,0.0,0.0,0.0,0.0,0.0,0.2965,0.0,1.0,0.39630947
4152,0.0,0.0,0.0,0.0,0.0,0.0,0.0,0.0,0.0,0.47169,0.0,0.0,0.0,0.0,0.0,0.0,0.0,1.0,0.4721159
4975,0.0,0.0,0.0,0.0,0.0,0.0,0.0,0.81292,0.0,0.0,0.0,0.0,0.0,0.0,0.0,0.0,0.0,1.0,0.54120046
2031,0.0,0.0,0.0,0.0,0.0,0.0,0.0,0.0,0.0,0.0,0.0,0.0,0.0,0.52977,0.0,0.0,0.0,1.0,0.7504696
2341,0.7894,0.0,0.0,0.0,0.0,0.0,0.0,0.0,0.0,0.0,0.0,0.0,0.0,0.0,0.0,0.0,0.0,0.0,0.6070139
3186,0.0,0.0,0.0,0.0,0.0,0.0,0.0,0.0,0.0,0.31046,0.83613,0.0,0.0,0.0,0.0,0.0,0.0,0.0,0.57787365
1706,0.0,0.0,0.0,0.0,0.0,0.0,0.88301,0.0,0.0,0.0,0.0,0.0,0.0,0.0,0.0,0.0,0.0,1.0,1.1380832
148,0.0,0.0,0.0,0.0,0.0,0.0,0.0,0.67869,0.0,0.0,0.0,0.0,0.0,0.0,0.0,0.0,0.0,1.0,0.51367575
4689,0.0,0.0,0.0,0.0,0.0,0.0,0.0,0.0,0.0,0.0,0.0,0.0,0.89989,0.0,0.0,0.0,0.0,0.0,0.9894584
3229,0.0,0.0,0.0,0.0,0.0,0.0,0.0,0.49547,0.0,0.0,0.0,0.93456,0.0,0.0,0.0,0.0,0.0,1.0,0.40259984
4329,0.0,0.0,0.0,0.0,0.0,0.27599,0.0,0.0,0.0,0.0,0.0,0.0,0.0,0.0,0.0,0.0,0.0,0.0,0.2761476
2339,0.0,0.0,0.0,0.0,0.0,0.0,0.71305,0.0,0.0,0.0,0.0,0.0,0.0,0.0,0.0,0.0,0.0,1.0,1.0085843
3970,0.0,0.0,0.0,0.0,0.78862,0.0,0.0,0.0,0.0,0.0,0.0,0.0,0.0,0.0,0.0,0.67968,0.0,1.0,0.12623395
1735,0.0,0.0,0.0,0.0,0.0,0.71881,0.0,0.0,0.0,0.71881,0.85365,0.0,0.0,0.0,0.0,0.0,0.0,0.0,0.34577903
4248,0.0,0.0,0.0,0.0,0.0,0.8073,0.0,0.0,0.0,0.0,0.0,0.0,0.0,0.0,0.0,0.52462,0.0,0.0,-0.0054559
4834,0.0,0.0,0.0,0.0,0.0,0.0,0.0,0.7776,0.0,0.53272,0.0,0.0,0.70128,0.0,0.0,0.0,0.0,1.0,0.7859829
845,0.0,0.0,0.0,0.0,0.0,0.0,0.0,0.0,0.0,0.0,0.0,0.0,0.0,0.27911,0.0,0.0,0.0,1.0,0.6420781
4225,0.0,0.0,0.0,0.0,0.0,0.0,0.0,0.5358,0.0,0.0,0.0,0.0,0.0,0.0,0.0,0.0,0.0,1.0,0.48759648
3335,0.0,0.0,0.0,0.0,0.0,0.0,0.0,0.0,0.0,0.0,0.0,0.0,0.0,0.0,0.0,0.31276,0.0,0.0,0.35351056
1567,0.0,0.0,0.0,0.0,0.0,0.0,0.0,0.0,0.0,0.0,0.0,0.0,0.0,0.0,0.0,0.31467,0.0,1.0,0.35249266
2099,0.0,0.0,0.0,0.0,0.0,0.89506,0.0,0.0,0.0,0.80375,0.0,0.0,0.0,0.0,0.0,0.80057,0.0,0.0,0.07853943
3729,0.0,0.0,0.0,0.0,0.0,0.0,0.0,0.0,0.0,0.0,0.25488,0.0,0.0,0.0,0.0,0.0,0.0,1.0,0.49929267
2234,0.0,0.0,0.0,0.0,0.0,0.0,0.74621,0.0,0.0,0.0,0.0,0.0,0.0,0.0,0.0,0.0,0.0,1.0,1.0338485
2980,0.0,0.0,0.0,0.0,0.0,0.0,0.0,0.40944,0.0,0.0,0.0,0.0,0.0,0.36116,0.0,0.0,0.0,1.0,0.55695194
3836,0.0,0.0,0.0,0.0,0.0,0.0,0.0,0.0,0.0,0.0,0.0,0.0,0.0,0.63187,0.0,0.0,0.0,0.0,0.79552335
2934,0.0,0.0,0.0,0.0,0.0,0.0,0.0,0.89485,0.0,0.81734,0.90115,0.88782,0.0,0.0,0.0,0.0,0.0,1.0,0.6377724
2068,0.0,0.0,0.0,0.0,0.0,0.0,0.0,0.51497,0.0,0.0,0.0,0.0,0.0,0.0,0.0,0.0,0.0,1.0,0.48412484
4035,0.88998,0.0,0.0,0.0,0.0,0.0,0.0,0.25631,0.0,0.0,0.0,0.0,0.0,0.0,0.0,0.0,0.0,0.0,0.5987379
4071,0.0,0.0,0.0,0.0,0.0,0.0,0.0,0.45718,0.48775,0.0,0.0,0.0,0.0,0.0,0.0,0.0,0.0,1.0,0.4945151
3480,0.8585,0.0,0.0,0.0,0.0,0.0,0.0,0.0,0.0,0.0,0.0,0.0,0.0,0.0,0.0,0.0,0.0,0.0,0.61961037
3771,0.0,0.0,0.0,0.0,0.0,0.0,0.0,0.40434,0.47404,0.0,0.0,0.0,0.0,0.0,0.0,0.39695,0.0,1.0,0.42520997
583,0.0,0.0,0.0,0.0,0.0,0.0,0.0,0.41188,0.0,0.0,0.0,0.0,0.0,0.0,0.0,0.0,0.0,0.0,0.4711539
2764,0.0,0.0,0.0,0.0,0.0,0.84734,0.0,0.0,0.0,0.0,0.0,0.0,0.0,0.0,0.0,0.0,0.0,0.0,0.09008321
2471,0.0,0.0,0.0,0.0,0.0,0.0,0.0,0.6678,0.0,0.0,0.0,0.0,0.0,0.0,0.0,0.0,0.0,0.0,0.51157737
2568,0.0,0.0,0.0,0.0,0.0,0.0,0.0,0.0,0.0,0.85697,0.0,0.0,0.0,0.0,0.0,0.0,0.0,1.0,0.52233213
2752,0.0,0.0,0.0,0.0,0.0,0.0,0.0,0.0,0.0,0.0,0.0,0.0,0.76468,0.0,0.0,0.0,0.0,1.0,0.9104047
4189,0.90967,0.0,0.0,0.0,0.0,0.0,0.0,0.0,0.0,0.0,0.0,0.0,0.0,0.0,0.0,0.0,0.0,0.0,0.6291004
2748,0.0,0.0,0.0,0.0,0.0,0.0,0.0,0.0,0.0,0.0,0.0,0.0,0.75847,0.0,0.0,0.0,0.0,1.0,0.90679735
329,0.0,0.0,0.0,0.0,0.0,0.0,0.0,0.0,0.0,0.0,0.58388,0.0,0.0,0.44655,0.0,0.0,0.0,1.0,0.645881
1479,0.0,0.0,0.0,0.0,0.0,0.0,0.0,0.0,0.0,0.0,0.0,0.0,0.30435,0.0,0.0,0.0,0.0,1.0,0.6597919
3560,0.0,0.0,0.0,0.0,0.0,0.42412,0.0,0.0,0.0,0.0,0.0,0.0,0.0,0.0,0.0,0.0,0.0,0.0,0.2006273
916,0.0,0.0,0.0,0.0,0.0,0.0,0.0,0.62871,0.0,0.0,0.0,0.0,0.0,0.0,0.0,0.0,0.0,1.0,0.5042334
205,0.0,0.0,0.0,0.0,0.0,0.0,0.0,0.36646,0.0,0.0,0.0,0.0,0.0,0.0,0.0,0.0,0.0,1.0,0.4678999
4549,0.0,0.0,0.0,0.0,0.0,0.0,0.0,0.0,0.28833,0.0,0.0,0.0,0.0,0.0,0.0,0.0,0.0,0.0,0.49206948
3658,0.0,0.0,0.0,0.0,0.0,0.82357,0.0,0.0,0.0,0.0,0.0,0.0,0.0,0.0,0.0,0.0,0.0,1.0,0.09500235
2942,0.0,0.0,0.0,0.0,0.0,0.0,0.0,0.0,0.0,0.0,0.0,0.0,0.0,0.36643,0.0,0.0,0.0,1.0,0.68013287
2302,0.0,0.0,0.0,0.0,0.0,0.0,0.0,0.64771,0.0,0.0,0.0,0.0,0.0,0.0,0.0,0.0,0.0,1.0,0.50778586
865,0.0,0.0,0.0,0.0,0.0,0.82855,0.0,0.0,0.0,0.0,0.0,0.0,0.0,0.0,0.0,0.0,0.0,0.0,0.093962386
2696,0.0,0.0,0.0,0.0,0.0,0.0,0.0,0.0,0.0,0.28841,0.0,0.0,0.0,0.0,0.0,0.0,0.0,1.0,0.46364602
4817,0.0,0.0,0.0,0.0,0.0,0.0,0.0,0.0,0.0,0.0,0.0,0.0,0.49382,0.33352,0.0,0.0,0.0,0.0,0.8489457
4569,0.83416,0.0,0.0,0.0,0.0,0.56433,0.0,0.0,0.0,0.0,0.0,0.0,0.0,0.0,0.0,0.0,0.0,0.0,0.33366108
1915,0.79851,0.0,0.0,0.0,0.0,0.0,0.0,0.0,0.0,0.0,0.0,0.0,0.0,0.0,0.0,0.0,0.0,0.0,0.6086399
4740,0.0,0.0,0.0,0.0,0.0,0.4938,0.0,0.0,0.0,0.0,0.0,0.0,0.0,0.0,0.0,0.0,0.0,0.0,0.1748962
1150,0.0,0.0,0.0,0.0,0.0,0.0,0.0,0.0,0.0,0.0,0.0,0.0,0.0,0.0,0.62227,0.90626,0.0,0.0,0.12083244
1276,0.0,0.0,0.0,0.0,0.0,0.0,0.0,0.0,0.0,0.0,0.0,0.0,0.0,0.87857,0.0,0.0,0.0,1.0,0.90769535
2760,0.0,0.0,0.0,0.0,0.0,0.0,0.0,0.0,0.0,0.85546,0.0,0.0,0.0,0.0,0.0,0.0,0.0,0.0,0.52206564
1246,0.0,0.0,0.0,0.0,0.0,0.0,0.0,0.0,0.0,0.0,0.81237,0.0,0.0,0.0,0.0,0.0,0.0,1.0,0.6217452
2400,0.0,0.0,0.0,0.0,0.0,0.0,0.86906,0.0,0.0,0.0,0.0,0.0,0.0,0.0,0.0,0.0,0.0,1.0,1.1274427
2906,0.0,0.0,0.0,0.0,0.0,0.0,0.0,0.0,0.69396,0.0,0.0,0.0,0.0,0.0,0.0,0.0,0.0,1.0,0.5050948
1820,0.0,0.76515,0.0,0.0,0.0,0.0,0.54002,0.0,0.0,0.0,0.0,0.0,0.0,0.0,0.0,0.0,0.0,1.0,0.85509235
579,0.0,0.0,0.0,0.0,0.0,0.0,0.0,0.69431,0.0,0.0,0.0,0.0,0.0,0.0,0.0,0.0,0.0,1.0,0.51669425
2515,0.0,0.0,0.0,0.0,0.0,0.0,0.0,0.0,0.0,0.58945,0.0,0.0,0.45149,0.0,0.0,0.0,0.0,0.0,0.6594668
1316,0.0,0.0,0.0,0.0,0.0,0.0,0.0,0.0,0.0,0.71991,0.44494,0.72958,0.0,0.44494,0.0,0.0,0.0,0.0,0.3707154
4656,0.0,0.0,0.0,0.0,0.0,0.0,0.0,0.0,0.0,0.0,0.0,0.0,0.71248,0.0,0.0,0.0,0.0,0.0,0.8801106
2812,0.0,0.0,0.0,0.0,0.0,0.0,0.0,0.519,0.0,0.0,0.0,0.0,0.944,0.0,0.0,0.0,0.0,1.0,0.9467369
4320,0.0,0.0,0.0,0.0,0.0,0.0,0.0,0.0,0.0,0.91842,0.0,0.0,0.0,0.0,0.0,0.0,0.0,1.0,0.5332568
806,0.0,0.0,0.0,0.0,0.0,0.78509,0.0,0.0,0.0,0.0,0.0,0.0,0.0,0.0,0.0,0.0,0.0,0.0,0.10307662
580,0.84301,0.0,0.0,0.0,0.0,0.0,0.0,0.0,0.0,0.0,0.0,0.0,0.0,0.0,0.0,0.0,0.0,0.0,0.6167541
436,0.0,0.0,0.0,0.0,0.0,0.49861,0.0,0.0,0.0,0.0,0.0,0.0,0.0,0.0,0.0,0.0,0.0,0.0,0.17343085
1184,0.0,0.0,0.0,0.0,0.0,0.0,0.0,0.0,0.0,0.91482,0.0,0.0,0.0,0.0,0.0,0.0,0.0,0.0,0.53261405
4423,0.0,0.83131,0.0,0.0,0.0,0.0,0.0,0.0,0.0,0.0,0.0,0.0,0.0,0.0,0.0,0.0,0.0,0.0,0.6321716
3104,0.0,0.0,0.0,0.0,0.0,0.0,0.0,0.0,0.53344,0.0,0.0,0.0,0.0,0.0,0.0,0.0,0.0,0.0,0.4945213
2802,0.0,0.0,0.0,0.0,0.0,0.0,0.70459,0.0,0.0,0.0,0.0,0.0,0.0,0.0,0.0,0.0,0.0,1.0,1.0021474
3099,0.0,0.0,0.0,0.0,0.0,0.0,0.89762,0.0,0.0,0.0,0.0,0.0,0.0,0.0,0.0,0.0,0.0,1.0,1.1492236
4784,0.0,0.0,0.0,0.84398,0.0,0.0,0.0,0.0,0.0,0.0,0.0,0.0,0.0,0.0,0.0,0.0,0.0,0.0,0.28232065
4714,0.0,0.0,0.0,0.0,0.0,0.0,0.0,0.0,0.0,0.0,0.0,0.0,0.0,0.39675,0.0,0.0,0.0,1.0,0.6930674
2774,0.0,0.82015,0.0,0.0,0.0,0.0,0.0,0.0,0.0,0.0,0.0,0.0,0.0,0.0,0.0,0.0,0.0,0.0,0.6291796
3831,0.0,0.0,0.0,0.0,0.0,0.0,0.0,0.0,0.0,0.0,0.0,0.0,0.0,0.0,0.0,0.90042,0.0,0.0,0.12730785
4968,0.0,0.0,0.0,0.0,0.0,0.0,0.0,0.0,0.0,0.0,0.0,0.0,0.82152,0.0,0.0,0.0,0.0,1.0,0.94340175
2718,0.0,0.0,0.0,0.0,0.0,0.0,0.0,0.0,0.0,0.0,0.0,0.0,0.0,0.0,0.0,0.81199,0.0,0.0,0.15166622
1965,0.0,0.0,0.0,0.0,0.0,0.0,0.0,0.89993,0.0,0.74458,0.82283,0.0,0.0,0.0,0.0,0.0,0.0,0.0,0.68632066
1559,0.0,0.75427,0.0,0.0,0.0,0.0,0.0,0.0,0.0,0.0,0.0,0.0,0.0,0.0,0.0,0.0,0.0,1.0,0.6120154
590,0.0,0.75012,0.0,0.0,0.0,0.0,0.0,0.0,0.0,0.0,0.0,0.0,0.0,0.0,0.0,0.0,0.0,1.0,0.61095196
3031,0.0,0.0,0.0,0.0,0.0,0.0,0.0,0.31762,0.0,0.0,0.0,0.0,0.0,0.0,0.0,0.0,0.0,1.0,0.46628192
4087,0.0,0.0,0.0,0.0,0.0,0.0,0.0,0.0,0.0,0.75364,0.0,0.75364,0.0,0.0,0.0,0.0,0.0,0.0,0.24813458
4400,0.0,0.0,0.0,0.0,0.0,0.0,0.0,0.86702,0.0,0.0,0.0,0.0,0.0,0.0,0.0,0.0,0.0,1.0,0.55296326
3434,0.0,0.0,0.0,0.0,0.0,0.0,0.0,0.42735,0.0,0.0,0.0,0.0,0.0,0.0,0.0,0.81089,0.0,1.0,0.27517256
1232,0.0,0.0,0.0,0.0,0.0,0.0,0.81497,0.0,0.0,0.0,0.0,0.0,0.0,0.5852,0.0,0.0,0.0,1.0,1.2067542
4210,0.0,0.0,0.0,0.0,0.0,0.0,0.0,0.0,0.0,0.0,0.51919,0.56938,0.0,0.0,0.0,0.0,0.0,0.0,0.44292042
1622,0.0,0.0,0.0,0.0,0.0,0.0,0.0,0.0,0.0,0.84037,0.35158,0.91391,0.0,0.0,0.0,0.0,0.0,0.0,0.28117463
4603,0.0,0.0,0.0,0.0,0.0,0.0,0.0,0.0,0.40456,0.0,0.0,0.0,0.0,0.0,0.0,0.0,0.0,0.0,0.48966962
3325,0.0,0.0,0.0,0.0,0.0,0.0,0.0,0.0,0.0,0.0,0.0,0.0,0.0,0.68195,0.0,0.0,0.0,1.0,0.8181328
2136,0.0,0.0,0.0,0.0,0.0,0.0,0.89143,0.0,0.0,0.0,0.0,0.0,0.0,0.0,0.0,0.0,0.0,1.0,1.1445036
3655,0.0,0.78969,0.0,0.0,0.0,0.0,0.0,0.0,0.0,0.0,0.0,0.0,0.0,0.0,0.0,0.0,0.0,1.0,0.62115544
3595,0.0,0.0,0.0,0.0,0.0,0.48571,0.0,0.0,0.0,0.0,0.0,0.0,0.0,0.0,0.0,0.0,0.0,0.0,0.17752558
4045,0.0,0.0,0.0,0.0,0.0,0.0,0.0,0.0,0.0,0.83946,0.0,0.0,0.34091,0.0,0.0,0.0,0.0,1.0,0.63714904
4256,0.0,0.0,0.0,0.0,0.0,0.83023,0.0,0.0,0.0,0.0,0.0,0.0,0.0,0.0,0.0,0.0,0.0,0.0,0.09361206
455,0.0,0.0,0.0,0.80675,0.0,0.0,0.0,0.0,0.0,0.0,0.0,0.0,0.0,0.0,0.0,0.0,0.0,0.0,0.28677258
3471,0.0,0.0,0.0,0.0,0.0,0.55708,0.0,0.0,0.0,0.0,0.0,0.0,0.0,0.0,0.0,0.0,0.0,0.0,0.1566794
3102,0.0,0.0,0.0,0.0,0.0,0.0,0.0,0.0,0.0,0.0,0.0,0.0,0.0,0.42449,0.0,0.0,0.0,1.0,0.70501494
3261,0.0,0.0,0.0,0.85395,0.0,0.75979,0.0,0.0,0.0,0.0,0.0,0.0,0.0,0.0,0.0,0.0,0.0,0.0,-0.07550815
4032,0.0,0.0,0.0,0.0,0.0,0.0,0.0,0.3028,0.0,0.0,0.0,0.0,0.0,0.0,0.0,0.0,0.0,1.0,0.4660791
2686,0.0,0.0,0.0,0.0,0.0,0.0,0.0,0.52921,0.0,0.0,0.0,0.0,0.0,0.0,0.0,0.0,0.0,0.0,0.48648384
819,0.0,0.0,0.0,0.0,0.0,0.79446,0.0,0.0,0.0,0.0,0.0,0.0,0.0,0.0,0.0,0.0,0.0,0.0,0.10110742
446,0.0,0.0,0.0,0.0,0.0,0.0,0.0,0.0,0.0,0.0,0.0,0.0,0.55334,0.0,0.0,0.0,0.0,1.0,0.79123837
2112,0.0,0.0,0.0,0.0,0.0,0.0,0.0,0.48241,0.26078,0.0,0.0,0.0,0.0,0.0,0.0,0.0,0.0,1.0,0.4882718
1789,0.0,0.0,0.76552,0.0,0.0,0.0,0.0,0.0,0.0,0.77423,0.0,0.0,0.0,0.0,0.0,0.0,0.0,0.0,0.4443008
4742,0.0,0.0,0.0,0.0,0.0,0.0,0.0,0.59438,0.0,0.0,0.0,0.0,0.0,0.0,0.0,0.0,0.0,0.0,0.49791375
1553,0.0,0.0,0.0,0.0,0.0,0.3416,0.0,0.0,0.0,0.0,0.0,0.0,0.0,0.0,0.0,0.0,0.0,0.0,0.24017395
4699,0.76658,0.0,0.0,0.0,0.0,0.0,0.0,0.0,0.0,0.0,0.0,0.0,0.0,0.0,0.0,0.0,0.0,1.0,0.60298294
3871,0.0,0.0,0.0,0.0,0.0,0.0,0.0,0.0,0.56483,0.0,0.0,0.0,0.0,0.0,0.0,0.0,0.0,0.0,0.49644205
2846,0.0,0.0,0.0,0.0,0.0,0.8403,0.0,0.0,0.0,0.0,0.0,0.0,0.0,0.0,0.0,0.0,0.0,0.0,0.09153198
3602,0.0,0.0,0.0,0.0,0.0,0.0,0.0,0.0,0.73573,0.0,0.0,0.0,0.0,0.0,0.0,0.0,0.0,1.0,0.5084455
4967,0.75314,0.0,0.0,0.0,0.0,0.0,0.0,0.0,0.0,0.0,0.0,0.0,0.0,0.0,0.0,0.0,0.0,0.0,0.6006128
3285,0.0,0.0,0.0,0.0,0.0,0.0,0.0,0.0,0.5023,0.0,0.0,0.0,0.0,0.0,0.0,0.0,0.0,1.0,0.49286315
4437,0.0,0.8037,0.0,0.0,0.0,0.0,0.0,0.0,0.0,0.0,0.0,0.0,0.0,0.0,0.0,0.0,0.0,0.0,0.6248241
127,0.0,0.0,0.78899,0.0,0.0,0.0,0.88413,0.0,0.0,0.0,0.0,0.0,0.0,0.0,0.0,0.0,0.0,1.0,1.0914382
416,0.0,0.0,0.0,0.0,0.0,0.85154,0.0,0.0,0.0,0.0,0.0,0.0,0.0,0.0,0.0,0.0,0.0,0.0,0.08921887
2258,0.0,0.0,0.0,0.0,0.0,0.0,0.0,0.0,0.55698,0.0,0.0,0.0,0.0,0.0,0.0,0.0,0.0,1.0,0.49594507
586,0.0,0.0,0.0,0.0,0.0,0.0,0.0,0.0,0.0,0.0,0.0,0.75573,0.0,0.0,0.0,0.0,0.0,0.0,0.33365938
747,0.0,0.0,0.0,0.0,0.0,0.0,0.74995,0.0,0.0,0.0,0.0,0.0,0.0,0.0,0.0,0.0,0.0,1.0,1.0366979
3539,0.0,0.0,0.0,0.0,0.0,0.87908,0.0,0.0,0.0,0.0,0.0,0.0,0.0,0.0,0.0,0.0,0.0,0.0,0.08355102
654,0.0,0.0,0.0,0.0,0.0,0.32523,0.0,0.0,0.0,0.89222,0.0,0.0,0.0,0.0,0.0,0.0,0.0,0.0,0.4336789
4922,0.0,0.0,0.0,0.80432,0.0,0.0,0.0,0.0,0.0,0.0,0.0,0.0,0.0,0.0,0.0,0.0,0.0,1.0,0.28706822
4528,0.0,0.0,0.0,0.0,0.0,0.0,0.0,0.0,0.0,0.0,0.0,0.0,0.0,0.0,0.0,0.8962,0.0,0.0,0.1283961
2078,0.0,0.0,0.0,0.0,0.0,0.0,0.0,0.0,0.0,0.0,0.0,0.0,0.0,0.0,0.0,0.83868,0.0,0.0,0.14402412
4566,0.0,0.0,0.0,0.0,0.0,0.0,0.0,0.0,0.0,0.0,0.0,0.0,0.0,0.263,0.0,0.0,0.0,0.0,0.6349651
3254,0.0,0.0,0.0,0.0,0.0,0.0,0.0,0.0,0.0,0.0,0.51262,0.0,0.0,0.0,0.0,0.0,0.0,0.0,0.54163843
1422,0.0,0.0,0.77261,0.0,0.0,0.0,0.0,0.0,0.0,0.0,0.0,0.0,0.0,0.0,0.0,0.0,0.0,0.0,0.51108813
4234,0.0,0.0,0.0,0.0,0.0,0.0,0.0,0.0,0.0,0.0,0.0,0.0,0.7858,0.0,0.0,0.0,0.0,1.0,0.922656
4247,0.0,0.80515,0.0,0.0,0.0,0.0,0.0,0.0,0.0,0.0,0.0,0.0,0.0,0.0,0.0,0.0,0.0,0.0,0.6252044
50,0.0,0.0,0.0,0.0,0.0,0.0,0.0,0.0,0.0,0.0,0.0,0.0,0.0,0.87318,0.0,0.0,0.0,1.0,0.9052321
4044,0.0,0.0,0.0,0.0,0.0,0.0,0.0,0.0,0.0,0.48938,0.0,0.0,0.0,0.0,0.0,0.0,0.0,1.0,0.4735283
3098,0.0,0.0,0.0,0.0,0.0,0.0,0.0,0.0,0.0,0.45047,0.0,0.0,0.47771,0.0,0.0,0.0,0.0,1.0,0.6710366
363,0.0,0.80991,0.0,0.0,0.0,0.0,0.0,0.0,0.0,0.0,0.0,0.0,0.0,0.0,0.0,0.0,0.0,1.0,0.6264606
3673,0.0,0.0,0.0,0.0,0.0,0.0,0.80757,0.0,0.0,0.0,0.0,0.0,0.0,0.0,0.0,0.0,0.0,1.0,1.0805314
3829,0.0,0.0,0.0,0.0,0.0,0.0,0.0,0.0,0.0,0.0,0.0,0.0,0.48848,0.0,0.0,0.0,0.0,1.0,0.7561706
3753,0.0,0.0,0.0,0.0,0.0,0.0,0.0,0.0,0.0,0.0,0.0,0.0,0.0,0.0,0.0,0.88609,0.0,0.0,0.1310519
2591,0.0,0.0,0.0,0.80745,0.0,0.0,0.0,0.0,0.0,0.0,0.0,0.0,0.0,0.0,0.0,0.0,0.0,0.0,0.28668743
3849,0.0,0.77533,0.0,0.0,0.0,0.0,0.0,0.0,0.0,0.0,0.0,0.0,0.0,0.0,0.0,0.0,0.0,0.0,0.61743194
2563,0.0,0.0,0.0,0.0,0.0,0.0,0.0,0.0,0.0,0.0,0.0,0.0,0.0,0.50099,0.0,0.0,0.0,1.0,0.73806745
304,0.0,0.0,0.0,0.0,0.0,0.0,0.0,0.40232,0.0,0.0,0.0,0.0,0.0,0.0,0.0,0.0,0.0,1.0,0.47037813
2220,0.0,0.0,0.0,0.0,0.0,0.0,0.0,0.69157,0.0,0.0,0.0,0.0,0.0,0.0,0.0,0.0,0.0,0.0,0.51616174
3019,0.0,0.0,0.0,0.0,0.0,0.0,0.89942,0.0,0.0,0.0,0.0,0.0,0.0,0.0,0.0,0.0,0.0,1.0,1.1505961
3026,0.0,0.0,0.0,0.0,0.0,0.0,0.0,0.36742,0.43922,0.0,0.0,0.0,0.0,0.25471,0.0,0.0,0.0,1.0,0.5490167
3995,0.0,0.0,0.0,0.0,0.0,0.0,0.0,0.0,0.0,0.0,0.0,0.0,0.0,0.32296,0.0,0.0,0.0,0.0,0.6614018
935,0.0,0.0,0.0,0.0,0.0,0.0,0.0,0.0,0.0,0.0,0.0,0.0,0.48333,0.0,0.0,0.0,0.0,1.0,0.7534061
764,0.0,0.0,0.0,0.0,0.0,0.28549,0.0,0.0,0.0,0.0,0.0,0.0,0.0,0.0,0.0,0.0,0.0,0.0,0.27074394
2075,0.0,0.0,0.0,0.89587,0.0,0.0,0.0,0.0,0.0,0.0,0.0,0.0,0.0,0.0,0.0,0.0,0.0,0.0,0.27642557
465,0.0,0.0,0.0,0.0,0.0,0.0,0.0,0.87345,0.0,0.0,0.0,0.0,0.52095,0.45633,0.0,0.0,0.0,1.0,0.758274
1468,0.0,0.81317,0.0,0.0,0.0,0.0,0.0,0.0,0.0,0.0,0.0,0.0,0.0,0.0,0.0,0.0,0.0,1.0,0.6273238
1455,0.0,0.0,0.0,0.0,0.0,0.0,0.0,0.0,0.0,0.0,0.0,0.0,0.0,0.34406,0.0,0.0,0.0,1.0,0.6704731
2831,0.0,0.0,0.0,0.0,0.0,0.50732,0.0,0.59663,0.0,0.0,0.0,0.0,0.0,0.0,0.0,0.0,0.0,0.0,0.32555968
1926,0.0,0.0,0.0,0.0,0.0,0.0,0.0,0.0,0.0,0.0,0.75043,0.0,0.0,0.0,0.0,0.0,0.0,0.0,0.60429126
260,0.0,0.0,0.0,0.0,0.0,0.0,0.0,0.0,0.0,0.0,0.39948,0.54329,0.0,0.0,0.0,0.0,0.0,0.0,0.4191989
2082,0.0,0.0,0.0,0.0,0.0,0.0,0.0,0.44879,0.0,0.0,0.0,0.0,0.0,0.0,0.0,0.0,0.0,1.0,0.47467315
3885,0.0,0.0,0.0,0.0,0.0,0.0,0.0,0.0,0.0,0.0,0.79503,0.0,0.0,0.0,0.0,0.0,0.0,0.0,0.6168143
181,0.0,0.0,0.0,0.0,0.0,0.0,0.0,0.83144,0.0,0.0,0.0,0.0,0.0,0.0,0.0,0.0,0.0,1.0,0.54520077
641,0.0,0.0,0.0,0.0,0.0,0.0,0.0,0.85208,0.0,0.0,0.0,0.0,0.0,0.0,0.0,0.0,0.0,1.0,0.5496778
1410,0.0,0.0,0.0,0.78843,0.0,0.0,0.0,0.0,0.0,0.0,0.0,0.0,0.0,0.0,0.0,0.0,0.0,0.0,0.2890458
1776,0.0,0.0,0.0,0.0,0.0,0.0,0.0,0.5475,0.0,0.0,0.0,0.0,0.0,0.0,0.0,0.0,0.0,1.0,0.48958647
3487,0.0,0.0,0.0,0.0,0.0,0.0,0.90468,0.0,0.0,0.0,0.0,0.0,0.0,0.0,0.0,0.0,0.0,1.0,1.154607
614,0.0,0.75427,0.0,0.0,0.0,0.0,0.0,0.0,0.0,0.0,0.0,0.0,0.0,0.0,0.0,0.0,0.0,1.0,0.6120154
794,0.0,0.0,0.0,0.0,0.0,0.0,0.0,0.41644,0.0,0.0,0.0,0.0,0.0,0.0,0.0,0.0,0.0,0.0,0.471538
1795,0.0,0.0,0.0,0.0,0.0,0.0,0.0,0.67136,0.0,0.0,0.0,0.0,0.0,0.0,0.0,0.0,0.0,0.0,0.51226044
2551,0.0,0.0,0.0,0.0,0.0,0.0,0.0,0.0,0.0,0.0,0.77636,0.92869,0.0,0.0,0.0,0.0,0.0,0.0,0.4671161
2034,0.0,0.0,0.0,0.0,0.0,0.0,0.0,0.0,0.0,0.0,0.85908,0.0,0.0,0.0,0.0,0.0,0.0,1.0,0.635081
3323,0.0,0.0,0.0,0.78888,0.0,0.0,0.0,0.0,0.0,0.0,0.0,0.0,0.0,0.0,0.0,0.0,0.0,0.0,0.28898957
781,0.0,0.0,0.0,0.0,0.0,0.0,0.0,0.0,0.0,0.87948,0.0,0.0,0.0,0.0,0.0,0.0,0.0,1.0,0.5263137
2705,0.0,0.0,0.0,0.0,0.0,0.5543,0.0,0.0,0.0,0.0,0.7424,0.0,0.0,0.0,0.0,0.0,0.0,0.0,0.34270945
3266,0.0,0.0,0.0,0.0,0.0,0.35681,0.0,0.0,0.0,0.0,0.0,0.0,0.0,0.0,0.0,0.0,0.0,0.0,0.23227574
409,0.0,0.0,0.0,0.0,0.0,0.30647,0.0,0.0,0.0,0.0,0.0,0.0,0.0,0.0,0.0,0.0,0.0,0.0,0.259153
1297,0.85814,0.0,0.0,0.0,0.0,0.0,0.0,0.0,0.0,0.0,0.0,0.0,0.0,0.0,0.0,0.0,0.0,0.0,0.61954385
217,0.0,0.0,0.0,0.0,0.0,0.0,0.0,0.31081,0.0,0.0,0.0,0.0,0.0,0.0,0.0,0.26505,0.0,1.0,0.39281797
3881,0.0,0.0,0.0,0.0,0.0,0.0,0.90829,0.0,0.0,0.0,0.0,0.0,0.0,0.0,0.0,0.0,0.0,1.0,1.1573596
4963,0.0,0.78027,0.0,0.0,0.0,0.0,0.0,0.0,0.0,0.0,0.0,0.0,0.0,0.0,0.0,0.0,0.0,1.0,0.61871266
1042,0.0,0.0,0.0,0.0,0.0,0.0,0.0,0.0,0.0,0.66154,0.0,0.0,0.0,0.0,0.0,0.0,0.0,0.0,0.49160632
2789,0.0,0.0,0.0,0.0,0.0,0.0,0.0,0.5106,0.0,0.0,0.0,0.0,0.0,0.0,0.0,0.0,0.0,0.0,0.4834197
4688,0.0,0.0,0.0,0.0,0.0,0.0,0.0,0.77903,0.0,0.0,0.0,0.0,0.0,0.0,0.0,0.0,0.0,1.0,0.5339577
2793,0.0,0.0,0.0,0.0,0.0,0.0,0.0,0.0,0.0,0.0,0.0,0.0,0.0,0.2836,0.0,0.0,0.0,1.0,0.64406544
640,0.0,0.0,0.0,0.0,0.0,0.0,0.0,0.7317,0.0,0.0,0.0,0.0,0.0,0.0,0.0,0.0,0.0,1.0,0.5242142
2583,0.0,0.0,0.0,0.0,0.0,0.0,0.0,0.0,0.0,0.0,0.0,0.0,0.0,0.76738,0.0,0.0,0.0,1.0,0.8570035
519,0.0,0.0,0.0,0.0,0.0,0.0,0.0,0.0,0.0,0.63516,0.0,0.0,0.78324,0.0,0.0,0.0,0.0,1.0,0.8322951
193,0.0,0.79509,0.0,0.0,0.0,0.0,0.0,0.0,0.0,0.0,0.0,0.0,0.0,0.0,0.0,0.0,0.0,1.0,0.6225663
1876,0.0,0.0,0.0,0.0,0.0,0.0,0.0,0.0,0.0,0.0,0.0,0.0,0.82498,0.0,0.0,0.0,0.0,1.0,0.9454241
476,0.0,0.0,0.0,0.0,0.0,0.0,0.0,0.0,0.0,0.0,0.0,0.0,0.0,0.26351,0.0,0.0,0.0,0.0,0.63518935
2156,0.0,0.0,0.0,0.0,0.0,0.0,0.0,0.4,0.0,0.0,0.32978,0.27473,0.0,0.6873,0.0,0.0,0.0,0.0,0.58928436
2972,0.0,0.0,0.78419,0.0,0.0,0.0,0.0,0.0,0.0,0.0,0.0,0.0,0.51465,0.0,0.0,0.0,0.0,0.0,0.7419591
2346,0.0,0.0,0.0,0.0,0.0,0.0,0.0,0.32054,0.0,0.0,0.0,0.0,0.0,0.0,0.0,0.0,0.0,1.0,0.4663178
1693,0.0,0.0,0.0,0.0,0.0,0.0,0.88477,0.0,0.0,0.0,0.0,0.0,0.0,0.0,0.0,0.0,0.0,1.0,1.1394253
1858,0.0,0.0,0.0,0.0,0.0,0.0,0.0,0.0,0.0,0.0,0.0,0.0,0.0,0.0,0.0,0.55677,0.0,1.0,0.23951624
851,0.0,0.0,0.0,0.0,0.0,0.0,0.0,0.0,0.0,0.0,0.36676,0.0,0.0,0.0,0.0,0.0,0.0,0.0,0.5122691
3557,0.0,0.0,0.0,0.0,0.0,0.0,0.0,0.0,0.0,0.86156,0.0,0.0,0.0,0.49092,0.0,0.0,0.0,1.0,0.5679243
597,0.0,0.0,0.0,0.88789,0.0,0.0,0.0,0.0,0.0,0.0,0.0,0.0,0.0,0.0,0.0,0.0,0.0,0.0,0.27730492
2399,0.0,0.0,0.0,0.0,0.0,0.84202,0.0,0.0,0.0,0.0,0.91651,0.0,0.0,0.37039,0.0,0.0,0.0,0.0,0.37953863
1141,0.0,0.0,0.0,0.0,0.0,0.76987,0.0,0.57224,0.0,0.0,0.0,0.0,0.0,0.0,0.0,0.0,0.0,0.0,0.22851405
1657,0.0,0.0,0.0,0.0,0.0,0.0,0.0,0.0,0.39465,0.0,0.0,0.0,0.0,0.0,0.0,0.0,0.0,0.0,0.4895645
2024,0.0,0.0,0.0,0.0,0.0,0.57838,0.0,0.0,0.0,0.0,0.0,0.0,0.0,0.0,0.0,0.0,0.0,0.0,0.15102914
2043,0.0,0.0,0.0,0.0,0.0,0.0,0.0,0.0,0.0,0.89099,0.0,0.0,0.44711,0.0,0.0,0.0,0.0,0.0,0.6810493
2507,0.814,0.0,0.0,0.0,0.0,0.0,0.0,0.0,0.0,0.0,0.0,0.0,0.0,0.0,0.0,0.0,0.0,0.0,0.61143106
3730,0.0,0.0,0.0,0.0,0.0,0.43642,0.0,0.0,0.0,0.0,0.0,0.0,0.0,0.0,0.0,0.0,0.0,0.0,0.19550522
4143,0.0,0.0,0.0,0.0,0.0,0.63452,0.0,0.0,0.0,0.0,0.0,0.0,0.0,0.0,0.0,0.0,0.0,0.0,0.1368451
3063,0.0,0.0,0.0,0.0,0.0,0.0,0.0,0.59157,0.0,0.0,0.0,0.0,0.0,0.0,0.0,0.0,0.0,0.0,0.49740112
3998,0.0,0.80012,0.0,0.0,0.0,0.0,0.0,0.0,0.0,0.0,0.0,0.0,0.0,0.0,0.0,0.0,0.0,1.0,0.6238852
285,0.0,0.0,0.0,0.0,0.0,0.0,0.6095,0.0,0.0,0.0,0.0,0.0,0.0,0.0,0.0,0.0,0.0,1.0,0.9305641
1440,0.0,0.0,0.0,0.76716,0.0,0.0,0.0,0.0,0.0,0.0,0.0,0.0,0.0,0.0,0.0,0.0,0.0,0.0,0.2917765
1159,0.0,0.0,0.0,0.0,0.0,0.0,0.0,0.0,0.0,0.0,0.0,0.0,0.0,0.0,0.0,0.37791,0.0,0.0,0.32057554
3610,0.0,0.0,0.0,0.0,0.0,0.0,0.0,0.38498,0.0,0.0,0.0,0.0,0.0,0.0,0.0,0.0,0.0,1.0,0.46907797
941,0.0,0.0,0.0,0.0,0.0,0.0,0.0,0.35455,0.0,0.0,0.0,0.0,0.0,0.0,0.0,0.0,0.0,1.0,0.46727753
3222,0.0,0.0,0.0,0.0,0.0,0.0,0.0,0.0,0.0,0.2756,0.60981,0.0,0.0,0.0,0.0,0.0,0.0,1.0,0.51917017
4013,0.0,0.0,0.0,0.0,0.0,0.0,0.0,0.0,0.0,0.0,0.0,0.0,0.90159,0.0,0.0,0.0,0.0,1.0,0.9904678
1925,0.0,0.0,0.0,0.0,0.0,0.59789,0.0,0.0,0.0,0.0,0.0,0.0,0.0,0.0,0.0,0.0,0.0,0.0,0.14608331
2026,0.0,0.0,0.0,0.0,0.0,0.0,0.0,0.0,0.0,0.83091,0.0,0.0,0.0,0.0,0.0,0.0,0.0,0.0,0.5177571
3992,0.0,0.0,0.0,0.0,0.0,0.0,0.0,0.43177,0.0,0.0,0.0,0.0,0.0,0.0,0.0,0.0,0.0,0.0,0.47292474
2019,0.0,0.0,0.0,0.0,0.0,0.0,0.0,0.37623,0.0,0.0,0.0,0.0,0.0,0.0,0.0,0.0,0.0,0.0,0.46850276
4901,0.0,0.0,0.0,0.0,0.0,0.0,0.0,0.0,0.0,0.43712,0.0,0.0,0.0,0.0,0.0,0.0,0.0,0.0,0.46952313
4407,0.0,0.0,0.0,0.0,0.0,0.0,0.0,0.0,0.0,0.0,0.65269,0.0,0.0,0.0,0.0,0.0,0.0,1.0,0.5771999
4380,0.0,0.0,0.0,0.0,0.0,0.0,0.0,0.0,0.0,0.30392,0.59766,0.81356,0.0,0.54696,0.0,0.0,0.0,0.0,0.44230106
2924,0.0,0.0,0.0,0.0,0.0,0.0,0.0,0.69341,0.0,0.0,0.0,0.0,0.0,0.0,0.0,0.0,0.0,1.0,0.5165192
3950,0.0,0.0,0.0,0.0,0.0,0.0,0.75702,0.0,0.0,0.0,0.0,0.0,0.0,0.0,0.0,0.0,0.0,1.0,1.0420842
572,0.0,0.0,0.0,0.0,0.0,0.0,0.86543,0.0,0.0,0.0,0.0,0.0,0.0,0.0,0.0,0.0,0.0,1.0,1.1246722
2465,0.0,0.0,0.0,0.0,0.0,0.0,0.0,0.0,0.0,0.0,0.0,0.0,0.0,0.79381,0.0,0.0,0.0,1.0,0.8690239
155,0.0,0.77348,0.0,0.0,0.0,0.0,0.0,0.0,0.0,0.0,0.0,0.0,0.0,0.0,0.0,0.0,0.0,0.0,0.61695236
4821,0.0,0.7566,0.0,0.0,0.0,0.0,0.0,0.0,0.0,0.0,0.0,0.0,0.0,0.0,0.0,0.0,0.0,1.0,0.61261374
336,0.0,0.0,0.0,0.0,0.0,0.0,0.0,0.0,0.0,0.0,0.0,0.0,0.0,0.92172,0.0,0.0,0.0,1.0,0.92742115
3350,0.0,0.0,0.0,0.0,0.0,0.41118,0.0,0.0,0.0,0.0,0.0,0.0,0.0,0.0,0.0,0.0,0.0,0.0,0.20630713
692,0.0,0.0,0.0,0.0,0.0,0.49476,0.0,0.0,0.0,0.27968,0.36863,0.0,0.0,0.0,0.0,0.0,0.0,0.0,0.27527702
249,0.0,0.0,0.0,0.0,0.0,0.82025,0.0,0.83744,0.0,0.51757,0.0,0.0,0.0,0.0,0.0,0.0,0.0,0.0,0.32639912
4006,0.0,0.0,0.0,0.0,0.0,0.0,0.0,0.0,0.0,0.83943,0.0,0.0,0.0,0.0,0.0,0.0,0.0,1.0,0.5192422
2652,0.85484,0.0,0.0,0.0,0.0,0.0,0.0,0.0,0.50686,0.0,0.0,0.0,0.0,0.0,0.0,0.0,0.0,1.0,0.6263117
96,0.0,0.0,0.0,0.0,0.0,0.0,0.0,0.6623,0.0,0.0,0.0,0.0,0.0,0.0,0.0,0.0,0.0,1.0,0.51053876
2376,0.0,0.0,0.0,0.0,0.0,0.0,0.0,0.58781,0.63093,0.0,0.0,0.0,0.0,0.0,0.0,0.0,0.0,1.0,0.5241384
3624,0.0,0.0,0.0,0.0,0.0,0.0,0.917,0.0,0.0,0.0,0.0,0.0,0.0,0.0,0.0,0.0,0.0,1.0,1.1640118
3258,0.0,0.0,0.0,0.78832,0.0,0.0,0.0,0.0,0.0,0.0,0.0,0.0,0.0,0.0,0.0,0.0,0.0,0.0,0.28905955
0,0.0,0.0,0.0,0.0,0.0,0.0,0.0,0.0,0.0,0.57907,0.0,0.0,0.0,0.0,0.0,0.65993,0.0,1.0,0.29831603
4617,0.0,0.0,0.0,0.0,0.0,0.0,0.0,0.65691,0.0,0.0,0.0,0.0,0.0,0.0,0.0,0.0,0.0,1.0,0.5095217
2633,0.0,0.0,0.0,0.0,0.0,0.0,0.47671,0.0,0.0,0.0,0.0,0.0,0.0,0.0,0.0,0.0,0.0,1.0,0.83249986
2160,0.0,0.0,0.0,0.0,0.0,0.0,0.0,0.0,0.0,0.0,0.88638,0.88871,0.0,0.0,0.0,0.0,0.0,0.0,0.4911914
1922,0.0,0.0,0.0,0.0,0.0,0.0,0.0,0.0,0.43658,0.0,0.0,0.0,0.0,0.0,0.0,0.0,0.0,0.0,0.49033767
1485,0.0,0.0,0.0,0.0,0.0,0.0,0.0,0.7813,0.36166,0.0,0.0,0.0,0.0,0.0,0.0,0.0,0.0,1.0,0.5529888
3502,0.0,0.0,0.0,0.0,0.0,0.46312,0.0,0.0,0.0,0.0,0.0,0.0,0.0,0.0,0.0,0.0,0.0,0.0,0.18543123
872,0.0,0.0,0.0,0.87614,0.0,0.0,0.0,0.53851,0.0,0.0,0.0,0.0,0.0,0.0,0.0,0.0,0.0,0.0,0.37522006
722,0.0,0.0,0.0,0.0,0.0,0.82598,0.0,0.0,0.0,0.0,0.0,0.0,0.0,0.0,0.0,0.0,0.0,0.0,0.09449826
3717,0.0,0.0,0.0,0.75364,0.0,0.0,0.0,0.0,0.0,0.0,0.0,0.0,0.0,0.0,0.0,0.0,0.0,0.0,0.29361305
3667,0.0,0.0,0.0,0.0,0.0,0.0,0.0,0.53954,0.41815,0.35255,0.80118,0.44684,0.0,0.35051,0.0,0.0,0.0,1.0,0.5434661
4621,0.0,0.0,0.0,0.0,0.0,0.0,0.0,0.0,0.0,0.0,0.69992,0.0,0.0,0.0,0.0,0.0,0.0,1.0,0.5901878
1897,0.0,0.0,0.0,0.0,0.0,0.0,0.0,0.0,0.0,0.72795,0.0,0.0,0.0,0.0,0.0,0.0,0.0,0.0,0.50113225
4936,0.0,0.0,0.0,0.0,0.0,0.78133,0.0,0.0,0.0,0.0,0.0,0.0,0.0,0.0,0.0,0.0,0.0,1.0,0.10386936
3202,0.0,0.0,0.0,0.0,0.0,0.0,0.0,0.33752,0.0,0.0,0.0,0.0,0.0,0.0,0.0,0.0,0.0,0.0,0.4666398
3814,0.0,0.0,0.0,0.0,0.0,0.81886,0.0,0.0,0.0,0.0,0.0,0.0,0.0,0.0,0.0,0.0,0.0,0.0,0.09598838
1242,0.0,0.0,0.0,0.0,0.0,0.0,0.82274,0.0,0.0,0.0,0.0,0.0,0.0,0.0,0.0,0.0,0.0,1.0,1.0920893
2695,0.0,0.0,0.0,0.0,0.0,0.0,0.0,0.73932,0.43718,0.0,0.0,0.0,0.0,0.0,0.0,0.0,0.0,1.0,0.5504391
1680,0.0,0.0,0.0,0.0,0.0,0.0,0.0,0.45306,0.42496,0.0,0.0,0.0,0.0,0.0,0.0,0.0,0.0,0.0,0.4911623
176,0.0,0.0,0.0,0.0,0.0,0.0,0.0,0.7051,0.0,0.0,0.0,0.0,0.0,0.0,0.0,0.0,0.0,1.0,0.51881015
1052,0.0,0.0,0.0,0.0,0.0,0.0,0.81524,0.0,0.0,0.0,0.0,0.0,0.0,0.0,0.0,0.0,0.0,1.0,1.0863668
2975,0.0,0.75903,0.0,0.0,0.0,0.0,0.0,0.0,0.0,0.0,0.0,0.0,0.0,0.0,0.0,0.0,0.0,0.0,0.6132378
3598,0.0,0.0,0.0,0.0,0.0,0.0,0.0,0.0,0.0,0.51578,0.0,0.0,0.0,0.0,0.0,0.0,0.0,0.0,0.47567144
3768,0.0,0.0,0.0,0.0,0.0,0.0,0.0,0.0,0.73306,0.0,0.0,0.0,0.0,0.0,0.0,0.0,0.0,0.0,0.5082304
3876,0.0,0.0,0.0,0.0,0.0,0.0,0.0,0.0,0.0,0.8929,0.0,0.0,0.0,0.0,0.0,0.0,0.0,0.0,0.5286948
3807,0.0,0.0,0.0,0.0,0.0,0.0,0.87388,0.0,0.0,0.0,0.0,0.0,0.0,0.0,0.0,0.0,0.0,1.0,1.1311214
32,0.0,0.0,0.0,0.0,0.0,0.0,0.0,0.93454,0.0,0.0,0.0,0.0,0.0,0.0,0.0,0.0,0.0,0.0,0.56836903
2130,0.0,0.0,0.0,0.0,0.0,0.0,0.0,0.61115,0.0,0.0,0.0,0.0,0.0,0.0,0.0,0.0,0.0,1.0,0.5009578
451,0.0,0.0,0.0,0.0,0.0,0.65142,0.0,0.0,0.0,0.0,0.47501,0.0,0.0,0.0,0.0,0.0,0.0,0.0,0.23314159
2295,0.0,0.0,0.0,0.0,0.0,0.0,0.0,0.84256,0.64124,0.0,0.0,0.0,0.0,0.0,0.0,0.0,0.0,0.0,0.58879244
1000,0.0,0.0,0.0,0.0,0.0,0.37404,0.0,0.0,0.0,0.34494,0.78726,0.0,0.0,0.66513,0.0,0.0,0.0,1.0,0.54960984
1986,0.0,0.0,0.0,0.0,0.0,0.0,0.0,0.0,0.0,0.0,0.0,0.0,0.0,0.80443,0.0,0.0,0.0,1.0,0.87386096
2061,0.84541,0.0,0.0,0.0,0.0,0.0,0.0,0.0,0.0,0.0,0.0,0.0,0.0,0.0,0.0,0.0,0.0,0.0,0.617196
2228,0.0,0.0,0.0,0.0,0.0,0.0,0.0,0.0,0.0,0.46188,0.0,0.0,0.55471,0.0,0.0,0.0,0.0,1.0,0.7110733
2120,0.0,0.0,0.0,0.0,0.0,0.0,0.0,0.86815,0.86586,0.0,0.0,0.0,0.0,0.0,0.0,0.0,0.0,0.0,0.5939776
2023,0.0,0.0,0.0,0.0,0.0,0.0,0.0,0.38853,0.57222,0.0,0.0,0.0,0.0,0.0,0.0,0.0,0.0,0.0,0.4916301
4010,0.0,0.0,0.0,0.0,0.0,0.32942,0.0,0.0,0.0,0.0,0.0,0.0,0.0,0.0,0.0,0.0,0.0,1.0,0.24665785
2478,0.0,0.0,0.0,0.0,0.0,0.0,0.0,0.0,0.0,0.0,0.0,0.0,0.0,0.43525,0.0,0.0,0.0,0.0,0.7096507
4199,0.0,0.0,0.0,0.0,0.0,0.0,0.0,0.78157,0.0,0.0,0.0,0.0,0.0,0.0,0.0,0.0,0.0,1.0,0.53449035
4314,0.0,0.0,0.0,0.0,0.0,0.0,0.0,0.60745,0.0,0.0,0.0,0.0,0.0,0.0,0.0,0.0,0.0,0.0,0.50028265
55,0.0,0.0,0.0,0.0,0.0,0.0,0.0,0.0,0.35838,0.0,0.0,0.0,0.0,0.0,0.0,0.0,0.0,0.0,0.48919845
1264,0.0,0.0,0.0,0.0,0.0,0.0,0.90247,0.0,0.0,0.0,0.0,0.0,0.0,0.0,0.0,0.0,0.0,1.0,1.1529217
4387,0.0,0.80758,0.0,0.0,0.0,0.0,0.0,0.33353,0.0,0.0,0.0,0.0,0.0,0.0,0.0,0.0,0.0,1.0,0.56842685
666,0.0,0.0,0.0,0.0,0.0,0.0,0.0,0.0,0.0,0.0,0.0,0.0,0.0,0.35077,0.0,0.0,0.0,1.0,0.67337424
2462,0.87178,0.0,0.0,0.0,0.0,0.0,0.0,0.0,0.0,0.0,0.0,0.0,0.0,0.0,0.0,0.0,0.0,0.0,0.6220762
1230,0.0,0.0,0.0,0.0,0.0,0.0,0.0,0.83146,0.0,0.0,0.0,0.0,0.0,0.0,0.0,0.0,0.0,1.0,0.5452051
425,0.0,0.0,0.0,0.0,0.0,0.0,0.0,0.86149,0.0,0.0,0.0,0.0,0.0,0.0,0.0,0.0,0.0,1.0,0.55174714
4079,0.84013,0.0,0.0,0.0,0.0,0.0,0.0,0.0,0.0,0.0,0.0,0.0,0.0,0.0,0.0,0.0,0.0,0.0,0.61622375
4648,0.0,0.0,0.0,0.0,0.7516,0.0,0.0,0.0,0.0,0.0,0.0,0.0,0.0,0.0,0.0,0.83925,0.0,0.0,0.07374287
585,0.0,0.0,0.0,0.0,0.0,0.0,0.0,0.58182,0.0,0.0,0.0,0.0,0.0,0.0,0.0,0.0,0.0,0.0,0.49563083
3815,0.0,0.0,0.0,0.0,0.0,0.0,0.0,0.0,0.0,0.0,0.0,0.0,0.0,0.0,0.0,0.26421,0.0,1.0,0.37952527
2395,0.0,0.0,0.0,0.0,0.0,0.70137,0.0,0.0,0.0,0.0,0.0,0.0,0.0,0.0,0.0,0.0,0.0,0.0,0.12104687
3683,0.0,0.0,0.0,0.0,0.0,0.0,0.0,0.0,0.0,0.0,0.49155,0.0,0.0,0.0,0.0,0.0,0.0,0.0,0.5366592
3856,0.0,0.0,0.0,0.0,0.0,0.0,0.93411,0.0,0.0,0.0,0.0,0.0,0.0,0.0,0.0,0.0,0.0,1.0,1.1770824
3034,0.0,0.0,0.0,0.0,0.0,0.0,0.0,0.0,0.8743,0.0,0.0,0.0,0.0,0.0,0.0,0.0,0.0,0.0,0.520225
4001,0.0,0.0,0.0,0.0,0.0,0.0,0.0,0.0,0.0,0.0,0.0,0.0,0.0,0.51496,0.0,0.0,0.0,1.0,0.7440626
3674,0.0,0.0,0.0,0.0,0.0,0.0,0.0,0.0,0.0,0.77964,0.0,0.77964,0.0,0.0,0.0,0.0,0.0,0.0,0.24507949
272,0.0,0.75189,0.0,0.0,0.0,0.0,0.0,0.0,0.0,0.0,0.0,0.0,0.0,0.0,0.0,0.0,0.0,0.0,0.6114055
1972,0.0,0.0,0.0,0.0,0.0,0.0,0.0,0.0,0.0,0.31038,0.0,0.0,0.0,0.0,0.0,0.0,0.0,0.0,0.46385643
2347,0.0,0.0,0.0,0.0,0.0,0.89205,0.0,0.83824,0.0,0.0,0.92561,0.0,0.83974,0.47047,0.0,0.0,0.0,0.0,0.5825866
1874,0.0,0.0,0.0,0.0,0.0,0.0,0.0,0.0,0.0,0.0,0.0,0.0,0.0,0.0,0.0,0.3169,0.0,1.0,0.35130408
2607,0.0,0.0,0.0,0.0,0.0,0.56055,0.0,0.0,0.0,0.0,0.0,0.0,0.0,0.0,0.0,0.0,0.0,0.0,0.1557378
4372,0.0,0.0,0.0,0.75641,0.0,0.0,0.0,0.0,0.0,0.0,0.0,0.0,0.0,0.87098,0.0,0.0,0.0,1.0,0.64835626
226,0.0,0.0,0.0,0.0,0.0,0.83296,0.0,0.0,0.0,0.0,0.0,0.0,0.0,0.0,0.0,0.0,0.0,0.0,0.09304622
3404,0.0,0.0,0.0,0.75817,0.0,0.0,0.0,0.0,0.0,0.0,0.0,0.0,0.0,0.0,0.0,0.0,0.0,0.0,0.2929935
1398,0.0,0.0,0.0,0.8174,0.0,0.0,0.0,0.0,0.0,0.0,0.0,0.0,0.0,0.0,0.0,0.0,0.0,0.0,0.28548136
4398,0.0,0.0,0.0,0.0,0.0,0.0,0.0,0.0,0.0,0.90368,0.0,0.0,0.0,0.0,0.0,0.0,0.0,0.0,0.5306202
25,0.0,0.0,0.0,0.0,0.0,0.0,0.0,0.54855,0.0,0.0,0.0,0.0,0.0,0.0,0.0,0.0,0.0,0.0,0.4897688
2038,0.0,0.0,0.0,0.0,0.0,0.0,0.0,0.0,0.43033,0.0,0.0,0.0,0.0,0.0,0.0,0.0,0.0,1.0,0.49018425
2766,0.0,0.0,0.0,0.0,0.0,0.0,0.0,0.0,0.0,0.0,0.0,0.0,0.91942,0.0,0.0,0.0,0.0,1.0,1.0010718
